;EA;EA2;EA3;EA4;EA5;EA10
;10000;10000;10000;10000;10000;10000
;921030;921030;921030;921030;921030;921030
0;123056;12665;6339;206259;36312;407299
1;fail;599412;13876;299276;107272;160418
2;148350;44529;4227;27216;103911;32473
3;65391;147678;68429;640501;190530;89548
4;fail;615391;132737;328262;118858;55425
5;663017;59855;161295;245726;7385;11278
6;152210;30002;105888;67606;254702;92848
7;82592;314430;100872;96516;79138;696525
8;538792;312200;45072;316667;3940;221698
9;458576;117016;4448;74355;34911;236326
10;20865;70240;181739;169576;4514;45813
11;177812;168985;293386;131915;740137;76361
12;56474;411072;171130;25905;24162;14407
13;622618;62780;110131;48141;123071;7306
14;623823;292013;514690;26216;11770;89559
15;12435;87983;159136;229981;88134;366997
16;403768;189083;50022;57899;158546;82849
17;38800;300663;38989;139827;84901;117279
18;321678;85343;67942;124878;64117;133946
19;362065;205140;216923;136427;92430;217929
20;193048;391786;183269;110786;324297;587905
21;383068;68710;80616;54914;104681;4661
22;77643;20863;33717;62879;16992;20645
23;15811;26359;84418;160713;144540;25489
24;441754;139635;28446;296340;288574;137365
25;370823;46710;342615;62143;20340;349325
26;242763;431069;16472;620311;159984;916657
27;518692;125329;104095;154633;32814;1216
28;162077;77506;7659;41233;368256;253465
29;183248;106984;15619;3828;28691;143300
30;508067;5910;50191;23252;421139;565503
31;374218;137528;47642;105796;110967;127114
32;116045;118638;384318;80004;26437;241025
33;645284;213828;82395;391573;35434;134981
34;19928;90997;98387;78177;8899;65746
35;113160;6302;62235;33918;121792;61803
36;95649;167176;220823;29678;270594;94925
37;fail;548370;170718;383203;67994;101274
38;270507;55880;42079;1618;127339;126515
39;39523;66857;24121;179177;105861;69111
40;189413;145747;123442;85702;3613;322432
41;15703;29917;25494;222184;295738;133852
42;221150;125614;52999;98661;7074;124440
43;81895;123813;88268;517701;28003;179249
44;359488;fail;11123;19274;300237;128840
45;299477;66599;6985;43554;23293;88836
46;300497;183441;16723;59151;374963;350077
47;155500;399950;14159;223615;311130;66751
48;288710;164210;224502;182434;246617;148452
49;365139;81519;146881;85433;536134;120084
50;106727;6475;78226;60243;67970;18174
51;119826;69417;266813;109276;123119;479791
52;8674;58958;40403;48696;64341;219971
53;619561;86882;55093;77057;33180;110364
54;127078;28463;169773;20855;148400;458639
55;12547;23241;59336;145785;9045;486107
56;421633;147563;20031;125309;182815;153759
57;19918;210287;12941;307100;18075;192405
58;fail;18047;211166;201800;54468;11756
59;39705;1042;288646;30823;10529;59286
60;619906;189903;16186;73043;76613;149183
61;31822;319822;520217;367114;207202;50869
62;255844;12544;3245;167396;156711;170205
63;347104;211684;11043;27327;50335;508097
64;361281;141078;12715;123250;57563;69075
65;166228;142843;116822;23928;267953;62017
66;11992;178217;5729;121318;13204;27646
67;330157;636;2160;73607;142986;119154
68;26451;61870;2197;56980;266468;138988
69;7803;87770;5725;81936;11138;295493
70;205630;16583;2845;239295;18993;111058
71;38652;32795;19690;15027;69813;33288
72;194278;19983;423820;193938;167990;87322
73;784017;357396;96162;335704;66328;81867
74;181259;9069;2078;51333;290272;23058
75;291627;201060;53657;258952;97510;70564
76;558631;53357;224104;89839;107371;62293
77;133309;144220;240281;20925;81501;240689
78;48525;131844;21475;98291;206609;79444
79;19280;310221;28487;15727;89227;34995
80;fail;78266;21213;245488;39935;47447
81;23668;224621;4233;63647;33193;79157
82;324571;62010;175969;94887;106367;173282
83;405328;83556;fail;179090;53260;405251
84;416162;8400;88784;36064;384206;45648
85;440131;30531;89770;80756;116931;46272
86;32166;118010;10925;84875;39638;104688
87;91633;83862;16433;55083;153898;108635
88;178053;70433;67047;30355;41898;115517
89;18958;24581;24510;164736;123399;49601
90;398117;114380;51827;355503;547856;122163
91;778645;231389;15739;217130;302069;599228
92;244873;151138;74172;13956;79141;190976
93;98054;350282;20035;5480;10564;90775
94;92675;301382;13807;474108;151724;76574
95;40161;48111;24263;12399;56372;402724
96;322699;394443;51182;15006;226841;625846
97;397347;131296;112714;200289;245769;34649
98;478137;180596;361332;127061;71829;182653
99;19538;18998;590764;7922;5183;52360
100;166874;72491;106924;423185;443664;187938
101;473481;345796;38606;36511;14867;155743
102;45262;238332;289573;331031;126672;352521
103;677170;123732;43493;33475;191993;27800
104;126253;34491;112756;149203;140489;14321
105;205227;115341;4071;43278;81508;265284
106;170595;100509;242913;33402;38217;181350
107;88824;43645;260839;152075;39429;17987
108;311862;205543;34694;38395;188222;277154
109;65938;35015;354013;185908;50316;134951
110;28535;431059;92471;58362;190298;322247
111;509647;138370;138929;132920;31104;99298
112;431594;150733;230750;58909;15741;49721
113;672574;12818;388759;33113;330075;290268
114;224124;185971;620983;34558;159045;672699
115;426864;180228;99501;8242;18444;327648
116;212307;170216;47770;210848;362927;147299
117;fail;143787;5724;63581;785261;143709
118;190450;283285;126067;109696;124975;139570
119;43765;20522;39142;42087;52763;126888
120;86969;202844;165339;89327;33475;25882
121;209338;171057;15988;9356;60186;100765
122;255433;135376;274726;7800;22609;167106
123;61032;44327;148901;29821;21232;109043
124;185339;414340;221814;282985;20787;30539
125;38296;83600;108995;24264;276060;121655
126;435160;31384;64314;47816;24958;65714
127;132665;134667;138932;180674;6106;179180
128;76589;37972;94981;fail;192541;186744
129;74274;59337;196771;39295;10857;36383
130;213146;19380;27741;157726;9719;317550
131;900247;8793;3330;126301;11544;132650
132;345929;113712;374610;24664;28219;230522
133;132933;239250;106287;193640;16590;206767
134;25178;32482;34064;358;369605;30209
135;61234;55699;105131;365233;41951;61451
136;203625;52902;48716;30761;228220;141278
137;101529;5152;1702;44110;70370;227647
138;22287;23083;21623;266929;250654;220311
139;120076;7764;43502;24436;45910;243577
140;51796;77480;17916;254711;86201;328929
141;144591;250;188571;104310;227681;30353
142;91097;7548;52586;138798;42099;67434
143;905130;330265;147613;58816;20789;238775
144;481948;49317;24057;8151;160460;571193
145;611775;233915;2419;29302;37631;134410
146;25341;65355;42732;334248;577097;445280
147;202482;188100;20563;651637;41219;205333
148;571082;277862;89192;30383;263718;30443
149;fail;75764;2082;910677;296859;340328
150;43047;103083;87388;99887;6386;72834
151;378402;63841;86813;77148;70848;25662
152;463429;221641;214991;184283;12863;190555
153;201070;205207;166681;298337;34576;90472
154;269448;268329;4038;48341;40568;460976
155;15589;139136;48707;11720;28313;42261
156;38460;21599;90518;232785;34144;68320
157;308899;23331;106074;15639;3945;36449
158;476403;129460;77050;12781;290517;604348
159;679958;15911;181492;34725;38843;233089
160;60769;8210;5036;79710;24818;62434
161;204907;334594;96948;25560;10882;270703
162;331372;118052;66666;205748;35758;807468
163;60353;237647;61028;82110;6396;39594
164;353743;514403;683271;61775;157220;19645
165;223193;133393;22255;132320;82355;33478
166;611467;78935;274732;200584;339331;292232
167;51652;31383;28795;41745;27458;44225
168;424938;70891;17838;97412;157262;443613
169;194967;190027;50089;32023;57459;55599
170;800561;16562;139304;216932;10589;588984
171;651663;246329;125231;71870;50080;109976
172;287588;7453;496959;583875;88393;475285
173;298113;243311;132635;74851;7429;123926
174;832203;56863;55405;122949;154535;102772
175;499544;2460;18694;33054;168902;35705
176;56391;152431;82112;140512;43462;97077
177;52091;350594;39199;32303;10581;200266
178;310016;94373;237800;78752;99044;231032
179;114876;35323;47580;155904;328963;225867
180;35797;145153;42141;261823;163796;42434
181;267054;146084;3687;59505;112085;118664
182;143246;125395;183069;17389;54766;138580
183;30703;98762;18988;1024;260209;67800
184;215114;361482;51454;41230;173992;181839
185;128361;169850;40331;188293;56015;76013
186;fail;383031;74867;282394;101653;74676
187;98578;13079;1895;81279;79305;40516
188;179814;63383;97672;435842;205094;240
189;717874;572843;1228;80717;85059;18155
190;60607;53668;219655;228528;5453;3834
191;85450;4649;229467;87476;157393;183896
192;241307;261325;283047;59529;46710;326703
193;168293;160963;57598;82722;634658;67770
194;195660;51476;170430;27524;21319;193398
195;59086;404383;130441;71652;494549;fail
196;88450;38885;220243;63635;93986;79346
197;58789;136288;677670;494818;548002;84043
198;809791;67430;522170;129955;272805;66973
199;36725;51912;26766;138131;100067;58684
200;200706;286153;105135;193995;396666;310629
201;fail;292724;302540;178072;228641;314634
202;551973;126700;120314;92926;144838;50345
203;14712;119767;21999;83180;95454;16306
204;261927;275067;15077;49287;153516;157609
205;503542;133288;300562;76781;143771;119195
206;9499;174434;250963;4621;140858;275034
207;350434;106825;53381;287217;143489;fail
208;28270;146087;3822;120155;25824;100169
209;424495;250142;164619;92252;114416;266995
210;118586;123749;246956;475672;5929;443483
211;64105;126230;33028;313380;40372;27800
212;281648;69355;55645;7826;27552;117146
213;189522;22262;144180;110349;196459;51471
214;89995;65634;10082;47470;53952;13923
215;fail;208654;58599;33684;394821;302882
216;357387;64519;180513;49833;97746;130178
217;50943;107014;59594;413189;700362;359317
218;205398;42910;62541;147191;27720;2329
219;24308;32318;201011;13053;14774;212347
220;72248;207672;109628;43737;183912;65493
221;48132;282802;44105;44869;14014;201199
222;134627;156230;39711;226359;294275;255269
223;359474;20872;89306;141050;3747;74666
224;104731;116842;211999;68396;371;124621
225;305125;147710;34472;135271;48060;368623
226;23092;71260;173566;217766;145864;61813
227;109496;150364;1553;218946;55593;132633
228;159047;96485;50781;69203;22964;354363
229;410724;109703;48042;275609;21611;3948
230;640814;402001;96749;48379;244057;81898
231;44743;70247;360962;72749;76577;329217
232;205159;80603;24516;309;198504;91559
233;294427;56400;110051;143457;107810;88694
234;403297;47589;1835;4232;191558;297900
235;125021;228522;213601;325680;356680;38958
236;375269;154036;111711;28633;109627;286772
237;94728;52810;7398;104810;135481;112701
238;121622;36892;86272;38089;129915;213563
239;302796;130440;120581;352297;287198;224832
240;236173;177749;228695;310475;96962;94140
241;200158;123007;16455;10663;73816;288651
242;37800;2109;153886;fail;137648;487235
243;188226;298415;150172;28387;42255;946
244;25359;44163;202871;34303;46461;457909
245;238012;263201;37533;178430;64421;209757
246;670577;519194;239682;521233;39304;490060
247;175368;67333;70062;149346;6119;163099
248;283212;86115;91450;238555;173918;127290
249;180637;87259;100119;169004;77083;133411
250;4088;16271;40790;166680;39513;2351
251;118834;48718;123484;71996;28960;fail
252;375352;6999;613096;234839;191183;49615
253;114159;25136;63794;60403;139435;85205
254;73153;102563;243794;77430;240948;243572
255;634710;738558;670;198124;634084;157575
256;121445;3919;32117;77871;34935;32343
257;391787;55263;104288;4174;38432;154181
258;178547;53967;9663;3170;9257;133675
259;352797;840769;11185;211681;164784;28890
260;200820;29421;36501;2412;192962;14980
261;226839;183176;166948;63169;17624;99323
262;180062;81595;173665;186644;105813;26000
263;761323;215070;74274;49458;184743;237719
264;fail;71951;151927;40760;178966;371386
265;622804;250797;65468;257703;711033;202272
266;42431;146031;10493;5358;2948;86590
267;265996;140903;183993;109812;5589;64521
268;28540;158064;20376;173495;42283;14982
269;219517;456051;167140;260959;210188;547232
270;fail;24440;16590;305511;22931;170852
271;198324;107768;205589;26288;193899;257593
272;118779;29750;42479;110846;14821;158294
273;811717;181321;78621;200707;54644;205533
274;697010;55874;133800;75138;255094;245328
275;571892;175641;96845;676673;102685;101343
276;41893;286024;14942;16476;2362;245596
277;203949;27894;24919;97168;116151;154581
278;221618;276005;292810;19705;37606;255968
279;474557;33175;13435;710288;37143;25301
280;561091;21813;77421;31836;179298;193744
281;15594;71685;8220;86998;503739;276274
282;24048;33219;fail;11559;249604;408147
283;574865;126870;9323;32934;131767;381141
284;81623;5742;12497;35788;74527;9661
285;23710;13295;116435;77305;179821;198541
286;360118;140700;37250;133192;43885;117701
287;243153;135736;10064;50273;42709;88071
288;211791;22015;344854;167314;97319;20520
289;134271;142123;313332;345623;190852;35152
290;17208;41235;147231;25262;100433;17690
291;59706;144638;17106;31381;281164;720000
292;62402;13586;267107;85180;115709;11864
293;793447;117799;154131;41713;68377;149652
294;101793;148944;89835;178140;24859;108699
295;256631;3834;41766;519030;240412;47756
296;140298;51815;342252;84776;102243;522872
297;323279;1740;80223;70366;84467;380665
298;274893;37541;125232;84182;213156;113117
299;37721;12024;27809;71716;146888;12140
300;346183;339161;84070;438847;11167;48727
301;117122;128180;108422;204191;61051;22158
302;578388;818466;262090;438612;296676;79995
303;97040;134449;104026;789209;29839;514358
304;307289;406786;40086;225440;107194;7434
305;22317;2882;75612;87430;62648;78066
306;145829;6197;11846;45514;37955;191679
307;300991;25319;21388;96634;7246;327739
308;228514;7873;70741;14241;88820;28868
309;84331;123497;112505;418948;114218;286637
310;87674;201417;22380;228256;402013;376025
311;379681;142323;84632;1110;241009;202643
312;578376;1046;139097;47299;224864;115558
313;203289;21258;69526;180249;62559;742269
314;96720;122919;10051;113514;16025;180200
315;54394;89959;60308;91016;35245;339103
316;324621;46140;240261;43384;156602;367429
317;32360;48027;28509;520305;31775;708436
318;653501;34685;29518;74604;6180;5857
319;105591;28310;56214;25793;306817;1223
320;24389;652613;192361;316585;365168;379488
321;26270;22589;175990;73976;88679;19051
322;124655;98909;18513;97786;2311;48136
323;21026;3618;5614;475145;83819;434086
324;243667;177318;73849;231300;47190;653
325;119253;299894;28425;161447;3682;181052
326;414033;14329;161551;14971;172285;139921
327;70858;54555;148664;5006;80279;6098
328;12597;221491;126595;11687;69991;328659
329;16079;136384;141930;46335;60188;37134
330;818628;234702;196849;205335;13072;401729
331;32292;117260;31269;76710;270065;25092
332;171203;131425;91883;1848;62505;39065
333;41066;128696;118719;325074;73725;32319
334;55710;519318;302414;19442;1056;59425
335;469574;7631;4423;36449;140081;4964
336;283541;440157;204021;41552;290489;288129
337;62202;142054;56843;20525;498;150859
338;156452;274882;26347;200574;6991;197250
339;81727;513232;35911;83736;89596;216995
340;62817;74330;84264;35892;311091;131253
341;819803;102189;1216;117710;41483;587736
342;74305;386448;175461;175522;398723;45224
343;69613;322460;127169;5063;180753;22017
344;649905;19668;4502;232780;208352;193137
345;398213;110965;504652;123237;513820;173052
346;98015;29590;121902;2591;225974;608013
347;58371;38812;75643;405;617306;381190
348;249661;66972;206873;428903;473280;116866
349;129991;495004;135993;131717;144908;169354
350;38857;83181;89;77213;63705;247009
351;fail;48189;71705;311938;118823;12511
352;469489;203582;439925;151066;309541;448471
353;120581;332263;300060;70967;85977;138851
354;568867;247258;416835;45881;719950;90146
355;93585;75708;73365;41209;43436;216317
356;111503;29257;10827;54709;33659;51831
357;174959;39488;110712;234199;333720;4709
358;67972;29900;121056;177957;168876;248785
359;106154;139472;48176;19929;177333;73454
360;183204;38836;62741;14101;150742;24212
361;228561;97431;5299;69445;13835;25080
362;410434;50345;48762;30432;56374;85564
363;552247;218443;233262;10618;128679;375498
364;53081;99669;7771;77004;3643;357755
365;838422;568155;18696;197226;131600;300836
366;fail;6885;102359;52774;267428;225650
367;79523;2660;61379;35346;63644;27246
368;555109;70466;4171;5503;204533;91595
369;683213;71239;75118;234132;23282;743018
370;53487;92888;154134;175211;91540;30695
371;32512;126377;25933;49821;496917;498787
372;fail;269933;24252;30315;89666;183424
373;195385;10023;123783;110084;139189;22907
374;139038;257663;31124;135323;202936;137747
375;250159;80430;50461;82898;114302;42830
376;289928;19718;73450;213848;20888;466484
377;227118;62338;233976;157952;267689;52148
378;452422;64952;211100;120959;85287;6034
379;38544;39585;44799;40179;397247;275410
380;504164;74532;27462;170;45361;217580
381;185149;44838;23557;14833;176338;146840
382;369551;336345;10606;406055;514812;302054
383;572259;223048;230010;360960;25836;407739
384;31923;6248;76051;10057;373291;430023
385;154768;54803;60301;235421;403317;269174
386;449190;7234;151699;243433;21428;35921
387;158745;304470;540727;292653;746161;1369
388;48810;97477;112727;184616;88367;132980
389;436828;12942;104556;20113;193969;197611
390;10343;222006;147447;207483;138633;371484
391;61435;408636;160842;259391;152273;459688
392;172180;185790;237731;198726;50683;25791
393;343493;80144;55987;160073;5905;170648
394;82719;127697;47937;22513;55102;289117
395;796934;287529;428491;48333;8657;517524
396;50885;102754;35552;55326;115042;25965
397;650960;173020;81201;102185;8524;147246
398;322586;199476;146401;47280;38556;232782
399;402288;234028;125071;113649;229378;111831
400;545683;14682;25246;138722;151416;73617
401;33515;221462;12217;183392;85382;284356
402;256996;23946;16971;24393;221932;12201
403;105469;115211;239639;269515;263633;51294
404;444583;107017;2068;169357;44410;25820
405;fail;266635;63538;523759;148844;109809
406;563261;373390;14851;29033;268106;184282
407;28965;14008;166225;72404;245980;723809
408;6693;71395;12644;226952;120535;409123
409;388705;384546;87111;68927;93184;127897
410;249573;229755;191529;93597;165838;235549
411;733916;234918;91964;14052;78232;132079
412;21126;147029;68617;31926;22957;85278
413;682446;737410;71627;21182;155911;2980
414;130807;162487;92011;224213;432;58349
415;290926;279449;32614;25082;7201;222520
416;fail;28810;181012;702260;230972;61285
417;257313;391532;134648;101603;10427;140945
418;611583;195738;134467;213602;692931;573798
419;157380;564758;150284;210035;131794;fail
420;152965;323087;316111;15307;61853;511465
421;fail;595089;10090;50371;169062;45952
422;91565;54327;77787;61255;75250;30201
423;95617;129101;33992;42922;591928;60455
424;73688;84682;210843;215670;14197;133079
425;612227;413218;119458;62796;141681;744139
426;48191;70352;3736;117178;168945;420058
427;121175;21085;1890;40578;160783;57736
428;130135;297895;70731;62066;45641;106918
429;42623;990;184512;17564;164425;135603
430;117468;426820;1757;17399;219098;44741
431;339572;232147;431573;10527;72313;286781
432;271505;121520;114063;13759;16356;284980
433;40143;227697;22417;96618;64561;373064
434;78234;2366;26280;205642;74499;272117
435;201605;70970;89326;145159;42202;53098
436;315663;220179;58080;427330;491925;18644
437;271466;5074;53182;55605;46766;31188
438;369314;49165;414179;22553;475291;438439
439;412584;88150;171278;235005;162859;83191
440;225794;14334;24877;64678;150;37714
441;47488;33788;52870;88818;41112;185172
442;220538;278446;194049;127579;224174;260725
443;4147;13093;99039;192093;281839;201532
444;534955;26856;117709;129775;813178;604964
445;463705;18837;173809;268436;44644;47586
446;80637;333856;79562;178105;97202;502417
447;44072;57386;239482;61842;90887;165218
448;346027;52131;34935;94672;69696;73859
449;324487;41840;108753;132868;65212;161616
450;96794;75959;7659;91259;120781;415060
451;fail;69226;278017;181680;307489;170990
452;78471;54161;351548;74758;53632;66994
453;fail;198894;45554;17375;47602;82099
454;218049;10126;91706;3656;16643;112972
455;141234;402666;118272;235253;6754;326609
456;231459;118336;157016;104279;451742;fail
457;71494;37124;84444;6475;170998;463151
458;8198;149337;5303;85231;27903;57980
459;72667;22772;74859;29581;10529;317325
460;356143;14540;7705;111534;44699;194854
461;341471;470857;42566;539446;213225;264819
462;129449;501736;366602;56456;115112;205573
463;202160;65042;87653;103910;72543;167973
464;151943;12294;34726;5774;51410;77305
465;185725;377400;57362;68286;512556;fail
466;431164;58580;97224;38274;70548;305208
467;2224;19176;336875;7567;97398;10055
468;260432;371301;254436;845346;106731;115633
469;136534;27238;1853;73538;128596;360234
470;438389;55402;195703;151644;177483;122483
471;233622;382007;161660;7599;285148;73686
472;151089;331390;31130;180657;105957;110475
473;257682;13374;10333;32981;641224;2039
474;859628;11917;20331;515427;184058;388862
475;59497;3020;132486;34912;2944;210347
476;28410;134333;263823;270646;16464;80636
477;257572;45670;23714;216709;135708;69002
478;23459;6489;134415;13527;262876;141970
479;56967;21732;6843;96244;2788;91318
480;133284;282115;54442;137805;190381;45420
481;252557;359381;245294;38800;45030;113536
482;130732;6805;25937;152304;53984;52463
483;16375;130515;328956;65159;61755;149899
484;232262;44119;191861;102353;140937;9874
485;216574;18596;36731;296942;2746;39969
486;13239;19803;3184;16394;54631;23349
487;594873;65981;125377;197093;74099;33629
488;12757;154565;148507;87877;112823;213743
489;273636;37741;21819;272040;35642;568868
490;670125;375236;54016;27694;6815;66838
491;fail;266818;551554;234177;404144;42060
492;17175;144127;105100;18428;221944;206746
493;94029;51586;65849;45810;87945;5633
494;784146;156090;18787;25989;83940;17563
495;17402;352820;266128;251825;334554;288947
496;398200;70156;126524;241246;79755;102905
497;363670;47464;55850;2097;102299;67885
498;106684;56494;21665;74095;137379;59908
499;12022;111636;176852;105858;18513;315202
500;fail;284715;190731;23066;150836;812675
501;87873;128996;109557;20810;49758;36705
502;55965;163338;96790;526529;482341;651198
503;216440;66569;115478;53525;84285;3710
504;14311;91862;275703;14250;513218;117020
505;fail;16111;59372;877643;3780;109399
506;82496;45379;48795;37948;1453;277905
507;142056;4665;84578;63626;52273;95378
508;847331;163597;278574;28160;107928;fail
509;284504;184213;60015;13706;167924;16922
510;26403;109740;65251;337044;612207;370288
511;170425;21864;2207;232617;92796;48105
512;344172;194081;129505;591701;203876;5569
513;375361;338284;403209;175830;134045;670859
514;20319;175894;107600;63250;30567;111954
515;180504;27670;113830;23641;44979;4026
516;74429;144363;3343;144560;47980;68668
517;281463;56147;54728;112416;55478;191022
518;39341;125978;287054;46248;337643;235933
519;4685;22594;33333;22764;154888;65283
520;7501;140860;8204;36016;7020;550081
521;7354;266821;127234;106713;30186;12453
522;754787;97435;611509;253017;83384;12184
523;575674;1188;41833;20289;321742;48783
524;34513;127537;4848;562;9252;37891
525;13599;488824;178148;83555;90699;21141
526;427436;345282;38219;33816;113066;233316
527;60885;30202;38016;5362;89411;53819
528;80484;181065;50931;16143;165019;722115
529;526869;298921;99709;53015;111939;194480
530;283594;23527;30726;124417;157869;94005
531;116181;56696;19108;21171;243776;25094
532;50329;229707;103569;228617;107852;54492
533;94702;48950;121940;116307;250326;315270
534;58745;56837;28015;57232;271825;5634
535;28609;78345;50569;20585;386405;652888
536;646431;233140;66497;79483;29528;94082
537;176697;69318;3714;9662;22161;193851
538;16976;114987;31954;38758;269353;51840
539;72265;104797;99762;111974;34712;9290
540;398204;46028;134820;608988;44811;100058
541;322871;65283;95790;56784;142980;150398
542;10276;58909;61289;63958;32958;293313
543;37606;345855;22306;168087;214906;58047
544;25626;2621;75297;214826;42368;134923
545;18982;58611;2886;276183;80628;551234
546;184792;17491;48462;685875;302800;450661
547;493462;595257;57586;5324;6537;44340
548;319709;133112;137902;27812;372255;259750
549;fail;325052;654131;125097;159012;259131
550;402495;181262;93685;363014;216675;12839
551;73878;368169;63058;210332;163401;709488
552;266711;87750;9900;119807;10945;138024
553;27013;6089;77267;10921;306856;372292
554;14231;97387;25863;13334;153741;91660
555;395557;6512;73203;65953;322967;376150
556;896428;134431;293434;172958;123668;fail
557;41931;74968;24728;23170;141830;233852
558;768935;178904;11048;856213;164660;767006
559;130386;304253;107666;82057;17150;26280
560;221434;213090;297099;539590;232948;81715
561;62682;38510;58321;199667;251325;79670
562;118175;210852;149939;48412;18676;266103
563;183479;194891;111388;253056;148240;188682
564;283213;388192;209573;378271;12658;749069
565;367042;23670;438441;465810;6919;56766
566;302020;179329;133046;26401;70660;366987
567;219783;45759;12004;112232;16143;568506
568;348124;10345;15201;154334;135181;128092
569;450728;72493;94027;3935;49703;43458
570;93642;84664;80631;1011;181817;18963
571;51668;3801;1083;187123;171634;148872
572;136043;75060;128739;30414;174282;61321
573;683115;44423;27571;62585;131794;502606
574;258626;23001;126727;50544;195950;27312
575;530508;24001;59550;38750;27645;137099
576;76246;102483;2134;2376;93905;206086
577;167182;16442;498;134095;28184;107584
578;180363;25980;51303;57488;217684;150685
579;181480;182796;592508;181233;48849;120892
580;2300;93248;165922;180565;19235;362511
581;331548;35723;85943;61087;64773;107401
582;158765;32511;309236;28072;8467;95651
583;121695;26725;199808;77899;43378;279576
584;51478;180581;50707;16160;11968;29833
585;fail;220316;32141;637851;331822;281246
586;fail;2138;121383;594503;13489;445572
587;37593;89619;231467;110234;176784;239062
588;29628;78383;62905;44614;79103;121051
589;147352;96044;61718;103987;65764;900250
590;114869;14635;18317;7165;49010;186432
591;121932;363338;215610;7949;309470;317207
592;420182;77049;270485;20704;101541;48185
593;94858;58646;7929;48484;71924;47289
594;93772;70362;6471;369042;30350;270783
595;22184;131716;61317;12430;9959;249900
596;fail;2231;13845;158242;52510;314735
597;91528;57121;71987;50891;70605;187396
598;69828;206221;53040;38582;3076;86406
599;561267;196020;8179;218434;163644;182023
600;255262;20712;25381;67050;25621;78734
601;392758;37268;54676;69431;138437;54124
602;108109;88016;34441;40345;78603;135671
603;260616;72981;551;301204;123105;3252
604;281716;133356;116430;188180;147451;1042
605;fail;235633;281113;194591;388204;551932
606;270373;251151;378386;304642;222460;72380
607;425164;66378;119768;10683;152165;16519
608;52773;11811;110498;20919;16611;282516
609;180901;862502;856;43906;33132;140401
610;232007;19517;51306;354082;54121;504953
611;163896;260320;125009;44688;518245;201008
612;20694;101766;82449;61613;35255;16436
613;596400;132218;2050;159528;17664;162005
614;505095;73700;46272;88617;82083;99911
615;442350;30141;34554;72695;197922;288170
616;77642;50083;36902;26388;28438;337321
617;103129;25740;23372;88895;715;58153
618;455648;71447;31580;9371;100539;298461
619;393106;235775;3209;164470;188310;216659
620;462046;207097;57723;14446;2150;205553
621;9343;57078;80797;63756;100130;213855
622;61463;180802;212449;6403;39341;189248
623;163990;188224;33792;101262;23646;96397
624;703248;355261;339271;501288;32804;278893
625;110857;54945;148643;52865;40724;71617
626;34459;32519;521915;429057;5517;115538
627;337943;96160;113629;98883;11795;699618
628;726038;361964;68375;13477;347131;95608
629;215771;40388;328811;24083;41379;252753
630;229227;19773;196553;704567;56407;84718
631;719227;28149;48539;27755;28082;70541
632;551728;73449;476918;30541;122118;134342
633;700117;68540;143344;36721;124876;35068
634;100022;94928;14763;77117;74217;27667
635;311781;76370;85942;17793;19908;180466
636;16434;62678;124961;88300;360275;39526
637;501613;197752;110019;158065;126107;280900
638;301890;581741;7225;58867;52049;1446
639;248251;159174;50570;110883;156012;58367
640;161395;216629;55442;102898;63220;159463
641;fail;162870;17304;117556;564892;51712
642;293498;15423;890198;12432;125690;377039
643;113067;183337;254044;87487;78060;fail
644;157725;265654;155847;300594;22499;51756
645;500061;127169;71141;367804;63705;204600
646;34441;162028;39413;52536;235450;312086
647;12663;304540;9736;69352;62344;47230
648;117145;250859;32449;72611;510453;702341
649;275726;249419;133311;15897;7121;398599
650;407858;16837;116102;14191;339770;277790
651;19930;97542;156426;342852;88629;27304
652;16095;485463;24787;94101;104139;547131
653;60637;49312;40374;107680;15578;58924
654;337548;143917;98993;33953;54743;357953
655;123426;31460;63351;30510;191062;464071
656;240954;268225;168327;135019;54691;63201
657;457682;145843;130562;217058;66751;120010
658;119734;118693;62032;7237;14662;102634
659;fail;164974;186915;299850;67256;526845
660;418431;888740;112468;120015;485287;283168
661;90202;166983;143300;221409;42564;193258
662;88632;191917;186426;12875;25931;48859
663;28178;146;197925;399441;302009;252122
664;86738;21334;74081;301139;141153;6900
665;77846;13427;25510;383161;142070;32218
666;40392;202298;49948;154911;88529;2341
667;116488;23376;41841;72555;43715;43245
668;134247;471126;4675;56984;254181;397118
669;125713;333563;275223;112329;99184;411870
670;576801;78803;107874;470843;157573;361396
671;5529;451004;9813;117581;52133;174121
672;101460;60483;21187;35262;19613;91884
673;911476;93453;150657;2287;66802;63108
674;488359;282836;190703;38551;24107;26963
675;57336;166248;248353;292957;103261;94420
676;116448;131633;396046;8296;118222;495243
677;159808;51223;2108;69558;260630;51617
678;308799;18913;105742;10858;3114;260428
679;442180;158601;298046;315643;301374;114199
680;38270;36064;117435;60748;115495;107729
681;70500;24664;50463;39114;209829;41108
682;28028;8457;50104;141391;399272;40722
683;911029;37003;350476;131495;90492;713946
684;79265;290633;34795;91840;119108;30309
685;28093;525068;19646;55574;185213;646302
686;fail;83459;25845;165347;fail;521068
687;72449;38973;39056;224893;71687;327517
688;611377;712419;59845;105576;447180;595955
689;72941;172826;36986;18994;79147;60988
690;250052;204956;1061;48542;98953;11483
691;38030;77737;10402;38221;38131;230800
692;790;35475;20250;148498;64331;66653
693;154621;445149;101144;13694;63565;273582
694;327699;125191;6674;fail;147405;491383
695;264450;124611;114463;190192;97857;517289
696;651273;37076;430;61168;179376;127367
697;258031;187083;34026;30230;10292;819931
698;381635;6567;101446;133723;275957;120387
699;221101;31263;87669;193902;38154;22089
700;439970;74373;187334;142519;58969;56627
701;313549;204912;190981;47970;8982;193009
702;fail;1183;5482;105029;21520;369988
703;796300;99595;260613;198266;219733;6639
704;132518;275491;84189;112232;881598;353455
705;142039;97622;16698;30524;16903;5815
706;358024;287714;238031;191802;92213;223321
707;381293;152505;11889;349467;525189;577878
708;192390;192488;7404;81639;177872;14383
709;824911;219783;32766;170510;116748;50029
710;20855;43059;54548;139401;2562;77192
711;215872;111211;392661;64563;52961;70019
712;188151;39075;8251;102255;9381;125034
713;370679;904845;125691;259491;121614;35958
714;421;40255;82069;47705;130007;276319
715;31840;16850;17568;17048;14614;108497
716;134778;15291;303603;80208;58660;8308
717;308924;47734;248050;58887;238327;96421
718;29322;45131;422940;31203;100442;77081
719;472754;86146;65947;13483;198792;149841
720;437294;40022;37598;36332;46169;806053
721;108702;50731;29714;90464;34326;433804
722;144263;68846;107143;13329;36984;67501
723;494242;4019;60073;26426;497953;125560
724;102203;68226;27721;51342;31984;372638
725;62488;34502;279706;303502;54423;30144
726;80834;7558;130776;175289;100189;47426
727;11818;2650;7245;12986;14840;21483
728;10773;178729;5746;56568;986;121710
729;399382;15156;157988;295953;52198;59686
730;865;258344;47730;96091;78475;52619
731;228274;251925;45452;257721;216625;68935
732;140524;192905;517889;587397;200038;142455
733;315136;4866;92610;509430;82439;674773
734;245936;97;39271;103082;55762;191204
735;130968;75568;403073;81611;284687;653911
736;94839;303582;8395;104068;108018;8021
737;373279;fail;29850;100628;81462;82214
738;fail;1412;13564;203143;41340;203905
739;180588;34132;3172;87794;196048;130931
740;712380;571886;224986;174077;466628;103558
741;89764;48649;46629;12807;6346;125257
742;167269;329002;221305;59291;2992;280802
743;79873;116637;123605;52476;121843;141330
744;4489;35428;6166;477387;100046;105315
745;35751;132436;52628;2802;181569;367495
746;294072;73399;42025;37212;284018;3870
747;240645;253401;4293;160267;205772;70537
748;fail;53096;6519;18623;45981;349346
749;87031;58535;119432;29061;71374;141403
750;160481;103557;306519;41200;52269;717941
751;40782;127760;51546;2839;197773;86036
752;475388;22261;46519;36215;73222;150265
753;485285;40352;283268;364845;97290;205624
754;238530;127181;76612;175648;131670;228807
755;246324;3895;68509;15853;83705;137540
756;92252;295249;9273;117027;46459;70098
757;145210;75534;7987;8636;187324;203657
758;44149;38715;29312;220620;213309;142343
759;244059;66045;8081;120124;29275;104518
760;215342;807;9804;121563;144649;71843
761;25331;6444;34062;68047;6586;247078
762;215245;104077;203857;7222;121868;469203
763;6067;52710;46961;21433;174920;116291
764;98662;34001;179372;83717;28699;369464
765;fail;70485;263807;59879;77133;44514
766;198220;50684;10080;159211;258703;170896
767;677063;103524;169043;62306;222634;44139
768;809782;260853;148146;20085;41770;88969
769;491735;94262;280268;162063;100223;89976
770;203736;21886;6759;63781;62548;196973
771;248534;8755;26830;103361;447;6820
772;87738;84423;276698;234350;139551;379065
773;96875;1478;5026;67638;29647;82319
774;33046;16546;4453;122824;258452;95234
775;160103;269095;99874;241378;334384;fail
776;540488;94486;129794;172488;158102;3757
777;677200;328998;87979;150892;500046;623804
778;21131;20333;52612;136484;17873;181393
779;495469;203607;2445;100589;151943;13769
780;60881;70156;71922;93215;8740;168910
781;103189;231319;9839;193019;133853;190748
782;32409;81774;59350;20350;41740;59684
783;177504;142411;29129;4112;116448;4574
784;105870;64654;336894;182792;41073;1795
785;316546;fail;11958;160061;40186;278741
786;7725;19269;208907;113285;330452;72859
787;43000;186983;258588;124534;110266;145762
788;11027;242749;65365;101760;196043;fail
789;458792;101964;69045;7508;6352;133795
790;775807;77156;60404;261024;255356;445890
791;87886;104840;544593;52451;170077;62430
792;786807;132467;69846;249302;351066;fail
793;69232;308717;46678;101144;36683;668097
794;676365;336348;29495;10151;50469;51627
795;74468;322999;113980;121772;29194;109694
796;42644;51294;36257;68008;189642;25858
797;143462;129223;57329;213240;74027;622634
798;29778;36963;29348;42110;142480;16291
799;595074;47748;10201;11507;84222;33129
800;fail;139313;40456;461371;133529;226389
801;38033;28323;20600;110901;31948;33716
802;559094;101824;197043;82469;1004;350282
803;469632;285777;19696;4603;78268;34339
804;190175;75856;191110;31058;288791;41307
805;454111;53672;75629;396292;55191;189106
806;67966;394646;178134;143911;50234;115956
807;605001;10815;85157;3059;25557;381631
808;41011;7563;268494;146851;12033;70527
809;375094;65714;83927;70445;77032;24915
810;586417;21484;24531;66283;9280;14927
811;127578;146142;485316;42023;24876;41395
812;507154;15972;43850;17415;18602;139957
813;201842;92853;72576;53191;117242;413890
814;299843;11223;757742;178302;78843;338134
815;112883;133601;54264;156564;263802;194265
816;58040;57495;471645;161552;291520;15649
817;65596;67380;87045;39452;173917;58730
818;136550;250112;77669;79446;580665;368062
819;60541;37313;5502;12612;1608;181389
820;730944;44600;89104;59476;162153;401132
821;fail;90846;76220;539456;5559;177181
822;99882;92506;5764;20911;39374;95048
823;7636;10746;19867;31353;124540;131582
824;fail;fail;30848;47183;179398;144215
825;129752;153550;66116;334569;518980;133279
826;5224;94921;104046;201777;83957;154245
827;146607;206795;7400;107198;81434;150402
828;fail;43154;46835;6922;448619;898558
829;34873;78008;63156;94999;21006;19290
830;163462;19795;191973;63973;112126;617465
831;582883;4746;260911;91;58903;252139
832;285290;9073;95878;53431;87748;212745
833;67673;67656;246896;222220;61453;32036
834;216771;76254;145560;625298;513049;83319
835;104219;375142;71276;356878;31973;57200
836;184391;169077;169431;20848;48225;37700
837;460458;68991;118278;82666;62075;97940
838;456305;10807;455044;51766;85547;15164
839;338767;28805;7810;53961;310718;749538
840;352502;195354;68023;41873;100207;62298
841;118133;54234;284187;100465;14471;276352
842;646691;45988;32416;119316;13586;31793
843;106875;232184;67134;32928;100139;55995
844;164764;88112;35836;33171;39936;46077
845;3845;36943;79246;15126;43245;257550
846;23497;6109;73909;217814;110626;142736
847;763463;677813;76275;295438;198064;21146
848;453033;138993;373263;104985;315721;9112
849;490697;112407;222786;93951;333988;197090
850;319968;67882;84267;169380;276901;264198
851;20366;34326;223611;31315;57974;864230
852;631398;2544;240026;36154;194953;47670
853;170531;154571;61486;345771;674770;725334
854;641191;266142;209825;66122;377919;484699
855;704224;191433;184951;43135;235743;92092
856;146677;67972;115113;117905;65113;65529
857;302234;90380;193712;129434;562587;87144
858;63379;227835;83423;307585;39858;334565
859;172499;79863;16150;15907;19901;17245
860;fail;3919;10846;25292;11273;39402
861;217145;7279;23392;69032;55622;25488
862;fail;15281;222431;159132;21358;9075
863;393609;47369;21551;21704;141895;77897
864;359918;36302;233408;21226;38358;264707
865;182952;392446;362309;261665;280459;86807
866;745077;61149;178176;fail;187962;20141
867;29610;81859;105689;7844;241769;31066
868;269328;45525;40905;18476;23559;77664
869;341911;402;10610;19789;161030;8015
870;870636;15191;80676;44608;528143;38599
871;155944;131154;80644;115869;53433;343406
872;104504;158644;26994;60225;162611;137674
873;63173;44528;61350;79813;208926;414585
874;32643;7725;610373;80929;114774;122736
875;342150;700029;293533;334512;37589;288323
876;329681;44547;53956;39835;102892;29310
877;123936;316533;121860;92601;154094;210413
878;428922;40271;10231;314447;22508;96517
879;110464;160143;64731;20765;6778;224990
880;839267;442668;28511;91055;96578;159556
881;62740;36458;155337;8430;62550;177049
882;fail;161009;53528;177515;310742;39286
883;113093;24363;427253;57966;76931;615763
884;31870;54320;127829;10280;70777;178850
885;140487;147667;100350;102325;145544;233356
886;379666;131519;265378;27493;521792;219889
887;127864;91696;98123;13226;29093;141642
888;240000;103323;102556;189850;345592;55592
889;105019;237884;17475;246077;262015;258423
890;323665;84636;94536;99796;58188;1014
891;233114;46620;8927;145393;50954;190338
892;94462;110351;573;84800;103461;456886
893;581277;170503;10423;37183;16273;382559
894;124006;95290;132900;46739;116865;393699
895;314138;87972;23223;89036;138878;28264
896;615930;17338;5676;105059;233400;238363
897;184400;34198;13197;2532;212626;102839
898;252263;9399;31016;210401;12419;332075
899;110384;731686;413371;22629;20796;6967
900;89539;34531;31174;2749;58761;22463
901;169075;125654;36403;93446;46416;133368
902;472402;365083;3033;74653;65907;1702
903;99640;27052;75541;335737;55641;118106
904;266351;72964;337280;30640;223947;113064
905;38412;46175;115066;110024;43068;4055
906;551610;72208;227780;64762;83163;493164
907;26355;7453;8098;97255;29759;432144
908;102666;12084;1993;148650;85238;235900
909;109596;387327;12787;236093;101514;320646
910;56054;13571;52045;240320;116152;42436
911;582975;41458;185208;52881;55996;512021
912;172644;10774;283601;350573;77812;48726
913;218208;20326;77301;97062;16224;71962
914;906743;117663;45758;7247;644499;36266
915;129313;142240;1274;20634;251030;322233
916;188286;13580;19964;85028;55637;43883
917;99022;267580;250012;525672;44388;107569
918;308797;88042;67093;63545;54767;54771
919;12677;6222;51436;96196;287994;41074
920;192303;91140;19825;2038;9666;139309
921;202179;17672;47018;161237;49081;28169
922;56324;763896;100580;401806;35655;906993
923;165499;400892;228765;86953;243375;282130
924;142026;385853;107735;3056;251411;345570
925;91821;93812;3970;24992;281160;162819
926;461287;192420;223409;114316;7208;fail
927;114693;94674;84257;6400;718342;74854
928;123171;164903;93103;158818;59099;138295
929;30464;512314;15303;113432;84280;141498
930;107393;73496;106539;59618;22747;215897
931;13395;39588;338482;25754;76471;594599
932;370754;159944;63160;1949;558725;67013
933;9447;15996;133226;29398;74557;77708
934;375560;32442;65203;90126;17329;54932
935;106962;123979;79204;45281;527961;79738
936;101845;25567;291001;145657;265936;29715
937;179471;96166;45208;336365;251515;233882
938;41252;258764;72965;210615;152235;171415
939;45586;139222;124923;103036;219198;194728
940;160225;271050;157717;219310;51601;108625
941;278420;60418;263201;64326;187365;225899
942;898293;229896;56267;150283;67763;132420
943;50210;96352;55806;8768;6305;159130
944;101085;5875;318964;81740;2143;4383
945;345724;106747;4160;200570;40220;484259
946;308723;352261;59364;21898;12767;160968
947;2946;61549;15694;94200;70824;139290
948;251255;105598;49814;232107;18836;207458
949;155492;130826;43575;47647;89391;15096
950;115375;42190;537537;71263;106572;438154
951;14393;150826;103544;242890;158190;294233
952;104930;224668;107975;84423;301252;111234
953;fail;168244;548508;98890;36661;39955
954;127741;42326;505658;212780;45410;25253
955;72355;6297;265113;53661;92064;134883
956;11102;56271;138122;148978;20242;245369
957;16575;10746;48046;215817;65869;16995
958;1766;11462;66822;615155;86206;654210
959;226441;363853;93671;657099;36404;45604
960;4610;139308;174151;7260;118068;159726
961;189225;78257;151248;3340;8165;285413
962;79237;85733;179148;162884;86472;36770
963;30145;132290;330295;85034;67865;38295
964;160953;590041;80508;97437;185200;611122
965;19158;3540;134810;159736;115916;fail
966;55779;93324;109960;37827;40942;515619
967;384292;305221;213440;154972;457097;254380
968;117920;24266;50306;73814;130107;39634
969;10243;704;570468;115668;563799;409789
970;37284;206608;259831;82916;110470;338081
971;84781;362363;63601;97799;188892;44804
972;fail;50798;167654;45007;243380;143374
973;32227;32952;61977;233840;121413;22612
974;572461;29476;326243;172585;142558;63150
975;290392;873802;478;247209;3839;213674
976;580700;263109;2356;95590;61748;31396
977;96101;235657;650296;146061;27608;200925
978;21541;139613;19342;779966;8293;fail
979;152280;51679;28879;46675;159843;40528
980;786759;98077;225891;214843;282306;81620
981;80870;16411;68118;20759;14803;23370
982;20055;64803;25033;1523;25779;79314
983;376987;163519;252426;180092;390941;265643
984;139024;69509;478888;22952;120072;85716
985;501322;73427;28571;132775;125617;101730
986;92538;152156;472688;31784;347506;141327
987;72579;155003;133635;138392;241274;1869
988;215856;32113;168247;46918;4916;58758
989;361324;49226;13509;114551;48201;208070
990;37792;114895;50728;58488;71302;200909
991;608871;2284;45351;9346;22514;170666
992;85887;172257;64268;353274;167588;757817
993;273410;749869;39439;127566;168435;127313
994;35246;51280;43028;169672;113139;7650
995;297122;9529;57536;194368;277269;166865
996;212629;260194;35677;135975;426342;260619
997;532585;147412;518299;290504;196064;315571
998;914325;113885;205898;157116;297637;564621
999;64348;97096;129037;100926;13846;356534
