0;fail;6184;2705;649;1926;7422;2978;3156;18256
1;fail;6648;1167;6671;777;1890;4208;22658;51869
2;fail;5996;994;460;244;523;36;6903;21182
3;fail;937;2324;553;686;420;2292;4480;7291
4;fail;8098;4838;3378;1086;518;9073;24926;fail
5;fail;7181;1130;359;1375;2795;4024;40089;4773
6;fail;2009;622;56;1169;718;5879;15424;28163
7;fail;3925;1163;506;551;717;2125;fail;36702
8;fail;12694;548;428;381;2907;676;30489;fail
9;fail;1948;50;1338;1610;1842;3689;2914;fail
10;fail;1950;272;1000;8768;34;7545;12465;1434
11;fail;1156;936;318;2294;4077;14290;38947;fail
12;fail;3095;66;1235;2267;1650;276;9369;7973
13;fail;3871;2724;786;8671;489;20548;47039;fail
14;fail;1685;1953;1868;2119;828;7211;4307;33313
15;fail;4692;1745;1184;967;935;803;1998;45760
16;fail;1401;458;582;300;99;5218;29799;35803
17;fail;11828;1776;2159;1604;574;1018;16541;17582
18;fail;1933;5812;762;354;6696;1953;8470;4654
19;fail;3725;966;865;2469;1231;4899;38257;fail
20;fail;8388;250;2688;4084;1854;1642;6734;fail
21;fail;896;1878;925;1400;2004;6105;22305;6069
22;fail;1774;666;733;1698;3120;1705;42158;9975
23;fail;1462;1550;2093;1161;149;2361;9314;fail
24;fail;920;2896;518;758;379;3569;35088;58193
25;fail;341;1491;952;2821;3250;2095;947;36756
26;fail;1780;1386;2651;548;1190;1170;33504;4102
27;fail;4071;6160;275;357;431;2990;2801;3516
28;fail;15626;1033;1597;1186;1616;43186;20096;68856
29;fail;3040;1220;3215;858;950;9255;37572;32866
30;fail;1266;858;3383;378;1149;903;47164;755
31;fail;491;2288;3020;2726;1576;29235;12747;fail
32;fail;11463;1551;3624;1500;1419;5343;34365;15591
33;fail;1035;2634;1571;2097;1713;8867;2899;7921
34;fail;338;4419;281;342;8678;813;fail;42613
35;fail;3382;828;640;500;506;1413;31175;41791
36;fail;1384;295;1850;1148;4803;2953;1160;8137
37;fail;1292;7938;931;851;1168;1596;7013;15346
38;fail;1664;7352;1262;812;223;5907;13843;23668
39;fail;2768;251;1183;313;1938;2713;38278;fail
40;fail;301;7497;1961;1178;1253;2635;20058;28454
41;fail;2557;2059;4827;1950;3051;664;25300;9024
42;fail;690;1166;1036;366;867;1877;16720;fail
43;fail;1934;1509;1464;599;1699;8626;4754;36767
44;fail;623;924;3613;802;2432;2391;41066;44701
45;fail;4782;4956;4471;928;2727;954;2516;12885
46;fail;381;416;298;1477;1729;645;26007;9324
47;fail;258;247;217;1326;1289;12705;9859;11769
48;fail;4242;4012;1184;461;1934;1092;21914;9452
49;fail;1204;853;358;524;1944;1156;46691;4874
50;fail;1161;9060;1168;449;1012;6379;47723;27101
51;fail;613;277;1791;701;5241;3175;15682;fail
52;fail;92;524;3500;1534;975;5943;21312;fail
53;fail;1509;303;2890;433;1218;1695;4519;13493
54;fail;295;678;556;546;800;6073;6206;fail
55;fail;2089;6120;258;1758;1863;5761;15583;3474
56;fail;11009;7509;3789;4711;2573;8678;66948;fail
57;fail;1262;317;1424;1148;1365;4432;43168;10447
58;fail;5704;2744;2108;2559;4905;1024;346;fail
59;fail;298;2105;7588;419;1933;509;1882;45370
60;fail;4707;344;4629;260;4151;864;fail;61378
61;fail;3119;565;1681;197;988;1512;8423;2672
62;fail;2773;719;414;783;448;72;6680;6165
63;fail;5697;260;2362;1144;2062;9687;20892;1263
64;fail;7156;493;970;3604;3043;1709;49184;fail
65;fail;441;2101;2685;1864;178;116;11691;972
66;fail;1223;3518;580;1216;3454;6938;6456;fail
67;fail;3382;1139;493;2892;970;1244;5349;153
68;fail;2980;1357;2031;530;238;4762;fail;fail
69;fail;1478;7676;2203;2375;299;3181;39906;19504
70;fail;29741;658;1524;4858;859;378;33529;fail
71;fail;1006;1944;11477;497;1884;3759;5111;6399
72;fail;466;2957;1300;5248;5556;1011;6075;fail
73;fail;2814;3117;176;417;592;1899;21471;1777
74;fail;470;847;214;2361;4161;1961;106;12287
75;fail;340;1630;1699;358;7262;6422;15269;24533
76;fail;2568;25;4680;106;437;418;30067;8004
77;fail;9615;2569;2562;1409;1236;4215;fail;fail
78;fail;5594;1185;7250;3719;483;8630;29501;41652
79;fail;2822;1229;374;1651;4769;18450;30660;43407
80;fail;1879;558;4706;445;1999;933;50487;2325
81;fail;2480;770;1406;137;1496;2367;807;408
82;fail;7311;505;408;956;3619;1421;1043;fail
83;fail;4420;613;1402;1514;899;963;17567;fail
84;fail;1123;142;369;1319;418;2045;14515;25368
85;fail;2642;1104;1199;428;1327;2555;fail;23111
86;fail;964;1453;3739;269;4350;431;42775;fail
87;fail;1359;2711;739;514;633;5144;10524;58162
88;fail;843;1505;4363;409;1866;25276;2301;10458
89;fail;4328;1319;776;958;2520;501;7249;16627
90;fail;3754;1076;570;5389;3658;332;59428;fail
91;fail;579;1254;2429;1798;1005;2884;16220;54262
92;fail;344;594;531;489;1933;734;9840;61920
93;fail;3802;368;4454;4673;3018;3766;17480;fail
94;fail;7730;215;470;632;1101;1664;22025;4763
95;fail;942;6266;315;2492;1692;9126;17267;28144
96;fail;2252;2478;5759;451;483;1373;10892;fail
97;fail;11396;1184;3176;2526;2718;178;55868;8319
98;fail;3594;6597;723;3193;1098;1316;7974;9929
99;fail;6570;3382;1504;298;1900;2162;9556;35019
100;fail;2563;1136;6099;294;625;4139;52092;fail
101;fail;3387;1325;687;1640;423;644;17926;28547
102;fail;3759;585;433;711;2593;1771;19641;60900
103;fail;844;717;691;1371;316;4512;12809;47651
104;fail;4035;1203;971;803;562;2103;27056;32151
105;fail;11213;863;1009;87;2136;670;1361;1447
106;fail;758;8490;2187;3078;649;7638;fail;49907
107;fail;1827;798;873;426;1857;1165;14248;19938
108;fail;4059;708;2185;609;4458;2049;2159;21053
109;fail;1125;867;664;1006;381;1751;19853;20100
110;fail;8826;2902;518;1968;1812;7787;33981;34252
111;fail;981;3126;2365;1170;298;14577;25079;fail
112;fail;11198;828;1829;682;242;6392;33814;32988
113;fail;1246;3921;3365;810;1490;1940;27606;6305
114;fail;455;554;701;1419;9498;4527;fail;61865
115;fail;146;1028;381;718;763;151;22118;2677
116;fail;73;383;1178;1007;251;2456;11935;8164
117;fail;314;842;2344;775;1102;2670;30196;12889
118;fail;1476;573;2281;1824;45;8030;10908;fail
119;fail;823;10011;6237;1960;1062;1433;40619;fail
120;fail;333;1336;5245;499;671;237;5229;fail
121;fail;786;393;2353;391;841;31503;12129;829
122;fail;10995;1154;3768;163;2298;3165;46376;5738
123;fail;347;2736;965;5723;3010;8344;8373;42059
124;fail;7311;452;1510;3943;440;1773;4567;44232
125;fail;8781;918;533;1152;592;11943;5453;fail
126;fail;2625;1756;3453;1015;129;1837;18624;fail
127;fail;976;469;369;4725;244;3767;51892;20529
128;fail;3003;2971;2203;1566;305;880;37405;39407
129;fail;774;7111;8857;388;526;3389;8134;9078
130;fail;574;720;193;931;390;8009;813;19331
131;fail;2467;144;2129;1167;685;229;11649;6457
132;fail;1508;4568;983;399;2640;7920;18136;fail
133;fail;1279;296;414;765;602;2228;11015;7724
134;fail;5975;366;992;2025;4932;1724;7183;40677
135;fail;265;5481;1126;757;503;6452;8317;1316
136;fail;1867;1733;995;327;8351;1299;59708;1765
137;fail;3465;790;2085;1472;2202;127;3266;15164
138;fail;3479;820;4538;3684;759;3297;30160;5094
139;fail;4060;1177;3501;9233;518;780;611;42565
140;fail;804;337;484;425;1340;1345;35184;5287
141;fail;1399;261;472;1166;1520;2065;1799;46265
142;fail;1554;54;2768;1591;1026;242;5110;2486
143;fail;1538;2659;1511;774;3787;12261;32490;183
144;fail;1797;420;264;4094;137;2677;8032;17095
145;fail;2285;3707;308;3899;1660;134;9920;13272
146;fail;4995;592;947;1316;6965;6587;9367;fail
147;fail;4385;185;1982;1428;2314;2263;39824;10757
148;fail;1495;2112;1316;375;248;3006;18700;fail
149;fail;1115;480;527;203;511;3465;4707;38923
150;fail;3470;4421;2912;2668;1119;8966;31651;fail
151;fail;144;1283;652;436;2400;552;12298;18416
152;fail;2300;145;1265;233;2656;1482;17975;49564
153;fail;1349;4543;909;1264;709;8202;4805;51382
154;fail;1586;223;1027;75;1030;1504;12973;14087
155;fail;6102;6600;1477;1835;4943;2628;49490;45625
156;fail;1882;12666;231;1678;1231;8604;17092;fail
157;fail;6706;9719;742;1451;724;2409;51264;4647
158;fail;5440;5641;703;628;374;4725;1352;fail
159;fail;1878;3224;1607;347;444;1580;19561;1976
160;fail;114;4410;1150;398;480;1447;20531;23361
161;fail;2999;919;181;937;942;1480;19845;3697
162;fail;21;598;450;182;512;1571;867;fail
163;fail;5546;7948;5950;1091;299;4724;4745;27
164;fail;6903;3565;663;659;681;784;33593;17418
165;fail;2002;434;994;255;589;3038;2800;622
166;fail;9402;3130;4450;771;332;649;6509;fail
167;fail;933;318;531;4884;2720;10277;2686;12275
168;fail;1683;875;3376;1269;2566;304;fail;fail
169;fail;1566;921;1330;2564;1645;15736;36816;20051
170;fail;2542;615;50;546;318;2205;734;6025
171;fail;981;973;1972;1059;718;9091;3396;fail
172;fail;598;5090;558;714;4608;5511;40888;1593
173;fail;1569;3187;496;233;9002;251;40684;18169
174;fail;1724;1880;1083;332;2831;1251;3904;12865
175;fail;604;1409;74;3701;8231;3450;2994;65156
176;fail;330;2756;5434;633;3892;2219;17243;fail
177;fail;7169;1155;930;93;395;1242;1333;fail
178;fail;1806;5463;2480;1690;1132;8182;15740;25280
179;fail;3603;6666;1142;2870;679;6016;2237;35325
180;fail;947;1499;7165;4448;325;10637;64147;7534
181;fail;3470;528;2382;765;632;1975;1486;fail
182;fail;2356;2221;6955;282;670;16474;fail;fail
183;fail;4817;129;107;766;324;3610;3787;50846
184;fail;1104;9583;409;2431;2024;994;4160;17122
185;fail;4421;3879;1720;920;219;2624;21133;fail
186;fail;7565;455;1548;1695;2667;1378;14280;17585
187;fail;1822;344;172;3820;4052;212;1322;fail
188;fail;1738;787;1701;6648;1225;3592;21400;14262
189;fail;2910;874;1191;2540;1855;1653;57283;54405
190;fail;6807;4560;815;366;1116;18563;fail;51558
191;fail;8561;2475;1035;228;2434;3096;17749;11236
192;fail;1548;849;3165;2082;1294;3785;15021;22383
193;fail;460;4289;1248;6270;604;5904;40936;fail
194;fail;293;400;2278;1802;594;2999;8562;2445
195;fail;996;2666;2689;962;4198;12160;6161;fail
196;fail;1687;839;3772;155;1344;229;11637;4709
197;fail;2906;9403;1174;7975;2897;4876;fail;19682
198;fail;1493;4221;759;228;1799;4386;15283;3743
199;fail;9046;3170;76;793;15839;4139;8164;fail
200;fail;3570;625;1899;570;2145;1005;319;3026
201;fail;6116;309;91;4284;2059;3421;3055;3105
202;fail;1100;6780;1201;831;3850;1221;7795;fail
203;fail;1007;2943;1866;3092;1215;2530;5168;21267
204;fail;2217;1718;2460;1075;285;5868;151;9288
205;fail;1572;13744;1556;1714;878;9154;14641;4209
206;fail;6093;2114;1257;878;2479;3791;347;9300
207;fail;4365;1035;1486;3881;6769;4189;30933;57916
208;fail;2735;2258;1306;1704;1035;13520;4846;4850
209;fail;6828;885;6171;2189;5681;11216;6843;33199
210;fail;648;3310;9516;1905;1594;3164;147;fail
211;fail;1795;1438;2266;7045;722;1057;5413;25493
212;fail;1844;2035;4526;1803;2032;2975;fail;15609
213;fail;458;3237;220;1031;4636;2905;20884;25379
214;fail;8335;1411;838;2213;594;4170;44945;11601
215;fail;5023;1785;2962;568;630;4483;fail;12433
216;fail;1560;1033;3140;875;135;17067;14489;63520
217;fail;4557;2012;2010;704;8191;1946;1839;44045
218;fail;408;451;343;1652;891;11424;14069;26334
219;fail;1519;1071;440;624;2264;743;38274;16910
220;fail;5633;1882;8486;1081;1506;1294;16420;58263
221;fail;1088;458;901;5177;1463;3782;9775;43110
222;fail;2480;1329;666;2830;486;1210;3372;38191
223;fail;6143;2179;1917;674;7447;3790;10064;55349
224;fail;800;615;937;5522;7143;3248;985;48515
225;fail;2644;768;3765;2828;475;8051;40018;2081
226;fail;3202;800;705;1739;945;772;3541;4960
227;fail;3512;582;2123;5621;641;1903;17704;1592
228;fail;14899;1163;77;3780;3519;2716;27599;18589
229;fail;691;1768;4514;352;1864;5833;3681;44997
230;fail;5627;655;652;487;2437;7008;22879;15938
231;fail;11301;391;873;354;3361;3928;68637;12261
232;fail;3079;2650;2242;458;2571;1054;15261;44777
233;fail;328;1400;632;3317;4521;3692;10093;fail
234;fail;857;945;162;566;929;6454;50310;23702
235;fail;2556;4634;2909;611;3690;10316;48392;fail
236;fail;736;543;767;1961;241;988;6367;fail
237;fail;825;3383;8651;2202;6762;671;9563;15223
238;fail;1546;1773;572;527;719;5371;6057;fail
239;fail;487;1006;1777;842;1588;1656;15142;fail
240;fail;1016;2234;1613;843;3223;2663;8120;39188
241;fail;2171;2616;4479;4990;2112;26175;8483;41040
242;fail;1885;3131;2252;2812;2386;7948;11443;30207
243;fail;5208;1002;1568;470;6127;3821;fail;fail
244;fail;5089;3678;639;2586;1821;3410;65708;fail
245;fail;5913;2778;621;670;757;7404;38140;7371
246;fail;667;617;1030;747;3657;13922;59679;27995
247;fail;1135;4035;2411;4908;217;9327;18310;fail
248;fail;1770;797;1051;2309;2438;5349;7073;9660
249;fail;1508;1502;827;1997;453;2079;24919;46685
250;fail;952;2782;142;119;3027;8644;4107;10989
251;fail;2357;6581;4049;2267;7011;623;510;fail
252;fail;981;1359;669;8594;6311;3012;7831;67336
253;fail;11943;1558;7742;446;1647;15062;1611;8523
254;fail;812;2149;710;1255;4553;7395;64808;39221
255;fail;195;1029;1312;1218;331;307;58753;29866
256;fail;5661;1929;2438;1368;538;1646;20923;34632
257;fail;4835;804;1231;798;3676;9768;3198;fail
258;fail;2461;1271;449;157;421;1396;58725;12189
259;fail;2581;679;1427;325;66;4153;55086;19903
260;fail;1881;8178;494;251;670;987;3850;46319
261;fail;2922;4298;231;1914;2946;3902;3899;51950
262;fail;5959;4749;1292;632;955;2801;53323;19907
263;fail;11448;762;722;421;11469;2485;19310;16682
264;fail;586;1115;1101;8042;879;2287;20489;12459
265;fail;349;1503;1896;9933;578;1523;53155;4310
266;fail;8410;931;8079;1722;1080;985;14155;486
267;fail;2750;1031;4203;3276;322;4648;8312;fail
268;fail;1004;1629;1578;299;181;1081;1674;21372
269;fail;3627;1722;1595;3073;472;16236;13525;fail
270;fail;16062;10801;1739;3446;138;1464;3959;4417
271;fail;879;4995;1070;651;2936;3968;8078;16597
272;fail;790;1042;742;213;549;4925;5968;9840
273;fail;1759;1217;619;1947;997;7660;35555;66007
274;fail;1552;5966;2024;853;3807;6875;43703;53158
275;fail;9752;638;1458;6750;3320;8558;28057;9241
276;fail;2864;1153;986;541;212;3154;31163;fail
277;fail;9069;5079;316;706;5641;1806;3830;27721
278;fail;2348;2345;2663;1231;131;1223;fail;8961
279;fail;1697;1097;2045;4439;2687;27850;6059;2922
280;fail;306;424;1042;918;1205;7674;1198;31215
281;fail;2520;432;1148;656;396;8693;21102;1232
282;fail;15954;3276;1461;613;3804;4172;fail;fail
283;fail;3338;1662;5197;739;749;645;46084;7920
284;fail;1564;289;1511;5169;3653;1169;3695;fail
285;fail;698;95;756;1782;4887;7446;9304;13710
286;fail;2811;136;9650;416;7579;643;27652;fail
287;fail;4804;471;175;548;593;10013;5563;32672
288;fail;814;964;631;1506;7091;1770;20853;fail
289;fail;789;667;2594;169;729;5306;49398;53898
290;fail;2616;8796;1389;1278;1159;6435;11760;20374
291;fail;8493;746;1260;2146;402;10536;1873;12171
292;fail;3563;4102;3617;5347;5399;1040;51232;fail
293;fail;1322;395;692;727;276;4316;274;21244
294;fail;1236;1933;1115;360;1036;2609;22329;3889
295;fail;3372;4785;3466;2546;1381;6928;677;43639
296;fail;2709;5008;4890;843;890;217;11314;18782
297;fail;2350;141;642;432;708;1513;fail;29365
298;fail;922;1052;133;324;850;968;58863;46898
299;fail;8858;1050;327;1261;280;1440;23175;10860
300;fail;4702;6790;1191;1188;4739;17659;50334;19120
301;fail;199;265;4925;6426;4375;13680;33915;fail
302;fail;1424;2653;2588;4755;8034;4625;520;32387
303;fail;1947;242;3209;287;1756;4111;34943;4072
304;fail;2964;1497;2344;3125;1409;4118;8769;6246
305;fail;337;1476;574;896;5610;1237;5723;16444
306;fail;1764;2432;812;15;2557;4269;5263;fail
307;fail;557;4800;1740;555;2935;4475;fail;17346
308;fail;6823;2827;808;759;173;2554;2054;11920
309;fail;3355;4514;2958;1425;3067;728;44770;55972
310;fail;1296;582;8670;3129;489;1841;26100;fail
311;fail;841;11229;829;2975;923;3425;1798;15156
312;fail;899;1544;2919;320;1659;20183;11501;36206
313;fail;884;4017;1706;2338;789;285;8542;7290
314;fail;2298;845;1596;178;1724;757;519;4430
315;fail;1114;432;3319;674;345;1067;12049;22074
316;fail;722;642;715;343;174;12469;23380;54247
317;fail;3501;2625;797;141;654;1213;12944;25735
318;fail;434;403;668;2455;2610;1133;699;fail
319;fail;3655;381;3735;1349;378;4097;7505;4125
320;fail;2480;2702;2889;7350;3558;6865;10041;9589
321;fail;5468;3057;3069;2050;222;3534;fail;56901
322;fail;572;3112;6194;1611;1961;1544;322;39862
323;fail;3541;623;5804;2096;463;2960;12966;12895
324;fail;3505;1787;1049;3675;233;3047;37435;33256
325;fail;5665;1947;312;1802;247;2990;3232;692
326;fail;672;1666;573;536;133;3581;25180;42746
327;fail;7182;1829;3440;10669;643;20912;33429;21114
328;fail;2792;369;863;3228;4055;2187;226;fail
329;fail;3948;162;767;390;1616;6485;31113;7080
330;fail;4554;4077;9095;927;298;6325;26891;1889
331;fail;779;1946;226;343;1496;96;27985;fail
332;fail;3187;3370;4723;1196;649;10459;58765;21397
333;fail;2328;6591;2334;1240;565;692;6546;31504
334;fail;536;276;793;629;3679;2409;17128;34753
335;fail;2056;427;667;79;536;1631;8512;13869
336;fail;3034;892;2683;3155;3465;865;31982;41346
337;fail;7261;1860;628;383;3939;7172;25223;53956
338;fail;1934;455;3033;207;629;2748;12666;25070
339;fail;696;697;439;1596;472;1733;5033;19345
340;fail;735;308;3100;2493;354;335;8749;fail
341;fail;115;3005;1079;1409;1272;11554;4060;36282
342;fail;609;351;2561;504;628;5676;33135;39778
343;fail;522;922;1400;2800;252;10792;11765;32827
344;fail;1336;3756;1029;1360;205;1643;8853;1915
345;fail;1723;1077;1956;883;1139;376;28269;fail
346;fail;3896;3147;1338;591;1272;5531;8383;30959
347;fail;2693;1235;249;1765;632;915;21021;14073
348;fail;1390;974;5013;2898;1093;3545;14959;fail
349;fail;3162;6993;607;1425;2060;2387;13828;6794
350;fail;2876;1975;258;251;438;4708;fail;7336
351;fail;247;2601;1820;1952;1725;896;11411;24753
352;fail;3554;3217;4550;248;12786;2058;41578;61191
353;fail;6730;4462;576;793;3674;1824;fail;608
354;fail;311;165;2802;3240;1206;10416;54599;7461
355;fail;3288;2239;1023;651;1151;9777;28222;fail
356;fail;393;2143;2494;4960;1138;1410;24024;fail
357;fail;2166;1684;289;4817;2536;1851;16557;fail
358;fail;2189;5806;79;1433;222;2189;9;38674
359;fail;2210;9209;4896;824;286;3495;13391;64827
360;fail;2766;690;1875;1288;123;1066;6755;23766
361;fail;1623;283;837;376;5613;2132;11595;22450
362;fail;3273;1245;911;4665;499;876;33705;1050
363;fail;448;311;187;990;384;267;4253;fail
364;fail;286;69;751;243;2844;3226;30358;7991
365;fail;2544;1401;1113;1384;681;2561;10148;fail
366;fail;79;2436;4562;468;856;136;7110;42224
367;fail;653;486;4991;3999;483;1742;9028;45064
368;fail;492;1241;1915;2203;1134;56;6819;18243
369;fail;1713;275;1541;1367;6715;7006;27072;5367
370;fail;1029;653;811;2759;1729;2864;8716;19897
371;fail;4637;771;992;2125;2311;696;29952;60820
372;fail;2999;1386;2662;4480;282;1237;8766;fail
373;fail;446;5512;8930;1565;325;4779;21285;61392
374;fail;568;5680;873;692;15220;7973;44354;fail
375;fail;5534;1242;594;2974;1669;3211;17650;3828
376;fail;2911;3720;6478;5912;2384;7018;26756;46084
377;fail;6001;2392;794;3453;2540;15253;17325;14039
378;fail;1956;2761;382;2573;4048;2316;13260;38559
379;fail;127;3295;250;1054;6222;2051;12233;13348
380;fail;301;467;319;417;868;2759;14197;68765
381;fail;147;1672;1056;215;498;5225;10562;54434
382;fail;2494;1774;6593;413;322;1609;21287;18585
383;fail;1664;2492;1171;1249;523;9415;42547;5946
384;fail;2964;1001;3234;4079;582;6446;791;fail
385;fail;2815;487;356;1338;920;9774;6434;15467
386;fail;4721;692;979;3900;4572;2846;34311;fail
387;fail;2652;650;3251;689;3249;13004;38721;18106
388;fail;10392;462;246;436;737;2185;28433;23384
389;fail;1695;624;2734;2083;442;3892;1446;9722
390;fail;8369;5615;963;124;11816;660;2999;9736
391;fail;11148;6185;4151;939;1802;8720;600;22247
392;fail;1495;646;3630;3435;2889;2157;28989;28907
393;fail;974;557;1404;91;2192;1693;432;12815
394;fail;1435;382;2810;1338;2;2914;7214;49991
395;fail;6462;1096;3805;7975;3615;3918;29291;21729
396;fail;327;4340;3706;3469;2816;5343;17398;fail
397;fail;455;332;261;852;114;6051;39533;fail
398;fail;8310;967;585;1858;683;6336;10217;1166
399;fail;5936;4182;349;964;1854;2590;9617;fail
400;fail;755;459;3684;2618;90;19922;1820;18093
401;fail;11308;964;1015;4906;1893;3474;31726;15575
402;fail;594;1875;1225;2529;144;2017;12765;fail
403;fail;1638;642;1798;488;3424;4433;33026;35717
404;fail;439;1522;1402;253;442;617;fail;32857
405;fail;1298;8258;549;1439;1624;6856;fail;12241
406;fail;903;893;397;3059;3845;321;11939;20685
407;fail;1731;3003;663;422;2563;3808;4539;fail
408;fail;358;725;406;6413;733;4580;2718;35284
409;fail;928;679;914;294;120;615;56409;67806
410;fail;2016;5523;313;165;121;8632;32520;fail
411;fail;1015;934;937;405;1588;633;7132;56753
412;fail;2211;895;1064;1777;6084;899;27549;33317
413;fail;2080;5900;857;277;1944;152;17291;4492
414;fail;881;338;959;1373;789;4521;7518;fail
415;fail;2055;3691;377;295;2513;2119;1060;5513
416;fail;1541;2238;6580;1351;5768;10174;6118;31820
417;fail;934;2694;2175;1431;8437;380;786;16568
418;fail;5436;1732;335;1752;325;1432;9716;25063
419;fail;9086;416;1654;1280;3174;18952;16265;fail
420;fail;9422;2895;2096;5829;1328;4100;1336;fail
421;fail;1948;3739;1440;2802;1129;8808;6160;fail
422;fail;1396;1241;4144;336;6622;446;15665;fail
423;fail;1200;586;2693;2416;702;14085;15966;35756
424;fail;3747;7723;596;1161;2819;1891;19512;3317
425;fail;5586;1172;492;512;317;8672;24226;40500
426;fail;2727;7097;665;1644;186;8015;2913;8911
427;fail;420;2614;402;1734;980;8778;fail;fail
428;fail;1978;2342;508;3594;3600;2723;8292;fail
429;fail;1083;1423;766;1275;491;459;6678;16558
430;fail;1131;255;8332;1120;398;19635;20882;60160
431;fail;3198;285;195;2597;2371;12122;181;44441
432;fail;2131;2294;1858;1035;1119;6961;fail;6844
433;fail;2871;1430;463;377;1716;5081;30782;49041
434;fail;5004;382;2425;1165;1347;3251;16860;5169
435;fail;6582;1825;3484;1874;781;7868;65002;14207
436;fail;743;3545;4151;1456;790;17712;708;15143
437;fail;254;204;2270;3180;3817;3247;31419;fail
438;fail;5183;348;1175;288;921;5663;20128;fail
439;fail;7539;5018;3535;438;1143;629;14187;10517
440;fail;291;4924;6862;6177;1018;260;10185;fail
441;fail;422;4091;1639;228;6967;11864;32163;9890
442;fail;2198;885;902;887;287;518;5813;fail
443;fail;3415;1406;973;1213;3179;1412;29177;63934
444;fail;60;3172;10673;266;510;4959;5854;38591
445;fail;834;1199;2205;1235;406;4615;35597;fail
446;fail;1810;375;399;1718;1006;4056;26293;13580
447;fail;1859;449;226;818;429;5420;20272;56749
448;fail;1094;5475;2697;1159;223;4466;27499;57560
449;fail;1028;4674;912;1101;1031;1985;41769;12907
450;fail;1066;1047;1126;3488;1418;722;23936;15071
451;fail;2723;3754;1020;2017;2844;4184;9745;fail
452;fail;2390;2066;891;1350;276;2932;2537;35493
453;fail;12983;874;884;2760;4;5817;1129;948
454;fail;469;454;1843;3568;1522;140;18087;fail
455;fail;1785;2476;324;500;1227;3329;13469;22381
456;fail;293;2186;760;1552;883;15499;1315;26055
457;fail;1535;1043;344;256;191;8087;6188;fail
458;fail;2836;465;710;3027;1808;5430;26761;27543
459;fail;3043;978;607;308;2774;869;11857;50718
460;fail;1334;885;657;299;840;1392;8204;940
461;fail;1987;3621;1075;3243;4445;4313;39450;39948
462;fail;1557;655;7568;325;478;1555;19986;17704
463;fail;1189;1928;452;294;80;1712;6508;12680
464;fail;3379;3586;1749;2245;720;1153;fail;fail
465;fail;604;3367;1436;293;1506;8185;22883;12643
466;fail;886;259;1085;333;2931;1843;13996;28080
467;fail;1485;571;2973;2957;2114;2764;fail;33781
468;fail;959;266;522;1443;138;1017;6974;38393
469;fail;2865;804;495;2926;1820;21722;62813;31822
470;fail;7949;5248;1643;366;2012;3565;34860;33419
471;fail;4032;392;514;5609;1083;7715;2404;23790
472;fail;1811;954;313;1211;88;8208;22904;1718
473;fail;4521;2012;1841;2923;342;2102;11109;14959
474;fail;351;4407;486;629;668;2597;fail;10178
475;fail;1841;103;5453;1595;907;4573;27031;fail
476;fail;17494;3007;635;389;121;10642;14128;fail
477;fail;1199;218;1776;974;1811;3622;4001;24080
478;fail;3051;3957;213;528;363;262;11716;997
479;fail;4458;498;528;501;378;805;3244;7401
480;fail;4971;3319;543;1229;940;3129;1505;15451
481;fail;3540;223;365;492;1249;2556;34736;17797
482;fail;1196;5196;702;1001;3973;6981;24162;17264
483;fail;12489;140;533;4486;776;567;15231;fail
484;fail;1486;358;2973;937;715;230;1691;14715
485;fail;8015;606;3480;873;232;7253;58229;28578
486;fail;654;3070;4944;798;616;1975;14328;12303
487;fail;1394;1918;383;3893;2417;8614;15933;1152
488;fail;1030;634;6867;2708;1673;5717;29225;8776
489;fail;3836;1593;487;642;2211;401;17584;fail
490;fail;1062;722;1618;308;1030;362;2499;10162
491;fail;5146;647;333;578;453;8165;9804;11523
492;fail;1234;145;2256;490;498;11118;2703;9313
493;fail;1807;481;1719;1394;1346;185;6510;11640
494;fail;4194;3261;1300;1591;3327;1914;1197;37492
495;fail;1524;6440;420;192;1452;2128;2086;36562
496;fail;506;2153;1035;2985;811;9008;fail;15945
497;fail;2915;7048;2156;177;6655;945;35504;5305
498;fail;3507;622;1414;645;1020;688;8333;30958
499;fail;309;1258;678;119;9993;2655;9931;fail
500;fail;1211;1414;4277;737;645;8425;3569;10820
501;fail;5479;600;3450;2014;3666;403;7331;fail
502;fail;8140;1950;1300;427;1121;4872;35801;31464
503;fail;2075;3907;2214;547;1489;1165;8769;fail
504;fail;1100;3516;107;2187;154;14910;6911;39355
505;fail;13523;4532;366;2843;1896;3884;25924;19297
506;fail;1798;1605;498;1171;575;8437;19283;37580
507;fail;5175;2207;725;705;176;5742;22678;33303
508;fail;4493;89;3763;5520;2387;31590;19147;4984
509;fail;1040;3075;522;802;260;425;7430;11884
510;fail;2135;564;1356;2775;404;239;30898;18590
511;fail;642;729;295;2675;2541;1154;5544;3908
512;fail;699;2079;3070;1625;4047;1104;11132;12284
513;fail;736;864;9883;636;190;7298;fail;14139
514;fail;3615;1703;467;2267;315;3720;25677;30071
515;fail;906;784;275;1778;1092;184;892;fail
516;fail;4772;4241;717;1754;315;7111;63840;4426
517;fail;954;776;3211;5200;1908;10942;8615;9409
518;fail;6978;3109;851;1516;1181;14589;32426;42784
519;fail;1262;1118;366;994;941;1466;64130;37865
520;fail;122;9737;1290;1892;4066;8470;33466;63549
521;fail;2249;1924;4940;232;3346;3901;159;31345
522;fail;819;3082;3536;477;2802;4298;9256;46342
523;fail;4955;2085;1760;2497;125;1676;fail;27827
524;fail;455;1226;5188;1052;3567;3326;55746;21381
525;fail;6555;1009;133;1137;193;11786;25816;17916
526;fail;6756;5547;512;1407;1824;4562;6251;fail
527;fail;348;999;803;6457;4124;13986;1917;18739
528;fail;1157;1686;3993;2397;545;4562;6748;13125
529;fail;3184;2046;3229;912;199;1795;28700;7107
530;fail;1138;1936;1241;2648;836;1670;55879;fail
531;fail;1840;67;205;851;2775;1959;3865;51625
532;fail;557;8031;1036;2442;3009;9385;41631;fail
533;fail;5790;1598;4811;7983;1113;310;44656;fail
534;fail;999;189;1751;454;1513;1382;454;fail
535;fail;11254;1057;1129;918;184;1850;38579;51551
536;fail;8205;4090;1041;3652;1195;2680;14656;fail
537;fail;1560;1945;2822;4333;1488;660;10425;10807
538;fail;1009;948;149;1967;571;244;1484;8394
539;fail;2251;2714;238;271;1206;219;7200;3367
540;fail;2930;3981;1820;3296;2041;5109;25868;32768
541;fail;4050;4426;2158;4625;2730;7875;8065;fail
542;fail;4987;3342;3641;1506;1093;1682;17019;40177
543;fail;5698;1231;1097;6591;3404;3874;1341;33264
544;fail;3630;573;182;294;1975;798;19730;42432
545;fail;5890;2377;1347;676;375;15130;66960;9330
546;fail;11129;924;860;2611;1567;12935;7961;fail
547;fail;530;3052;1990;690;647;2343;35344;6693
548;fail;2441;4928;1351;5469;2403;1338;28120;8714
549;fail;662;6211;570;469;767;8071;884;25445
550;fail;1365;4557;3436;7822;356;2717;2254;22544
551;fail;7850;385;538;4887;6148;5318;fail;54461
552;fail;2281;772;3949;736;712;2503;836;fail
553;fail;3436;119;2494;804;281;6730;23800;35330
554;fail;3329;5710;3764;1260;1193;252;fail;6832
555;fail;152;3117;3756;4305;3413;8967;6808;fail
556;fail;1313;2335;5723;1503;784;8724;11486;19697
557;fail;1281;3116;861;1008;273;1707;22086;18685
558;fail;3665;6119;6273;553;1780;32519;38924;fail
559;fail;527;2529;744;1505;1635;3000;2215;fail
560;fail;930;1605;813;2681;157;940;59085;5465
561;fail;2476;636;4451;322;7386;715;9587;fail
562;fail;7239;1421;568;1454;1427;4843;469;fail
563;fail;9008;2094;667;663;2987;10986;fail;3087
564;fail;6920;956;424;909;2935;10576;2161;fail
565;fail;880;1464;801;307;1639;3424;33015;15033
566;fail;1322;1423;2910;253;80;2012;12228;34583
567;fail;259;1192;1042;2121;393;11391;18547;33216
568;fail;2396;485;757;2631;8043;3446;22536;20512
569;fail;4872;4719;798;3785;110;1512;19596;93
570;fail;3136;420;992;290;3281;352;5220;fail
571;fail;4875;804;3776;218;599;2099;68731;26789
572;fail;1654;429;452;527;1097;15980;6951;32163
573;fail;1172;3616;13735;3751;171;816;39064;30925
574;fail;5186;346;3477;470;1314;276;6797;38472
575;fail;890;2226;2781;3187;3154;15711;16303;fail
576;fail;8460;488;3909;474;868;6346;22868;34746
577;fail;1220;760;1095;10305;136;6027;1742;fail
578;fail;200;2895;2455;82;99;13345;1848;14576
579;fail;2492;358;1160;443;331;6440;37999;25137
580;fail;2443;1287;362;814;1490;1008;13294;fail
581;fail;1206;2903;1752;6024;2143;1880;5786;fail
582;fail;1519;197;2774;1507;3291;4683;4670;8053
583;fail;921;917;1198;550;1012;855;6796;42449
584;fail;5976;975;2839;2434;1204;1185;24802;33528
585;fail;10301;2654;808;1057;3011;2473;fail;48262
586;fail;529;756;4787;2467;1423;3136;64543;fail
587;fail;2944;988;3307;1401;866;3072;10043;39670
588;fail;99;711;4786;2263;2238;1908;12267;39152
589;fail;3719;893;767;443;1295;5917;19238;24295
590;fail;2122;245;402;144;1014;10976;1235;17860
591;fail;4056;1030;822;2971;7;9194;10669;26234
592;fail;469;712;167;1175;278;3677;3770;fail
593;fail;3115;2424;342;1394;6502;4394;56499;21259
594;fail;3093;8731;2282;1262;1163;1715;39793;56837
595;fail;5503;870;4245;567;2857;6500;737;fail
596;fail;730;6982;2556;720;359;438;fail;26155
597;fail;277;965;7426;1473;1176;523;4980;22918
598;fail;189;802;1033;1262;2044;2489;17336;38436
599;fail;995;139;649;1985;251;2309;34880;13925
600;fail;4678;1416;589;1119;89;2675;17203;6351
601;fail;1074;529;3177;142;612;2424;11253;22528
602;fail;2730;1625;659;3349;302;4378;8336;44491
603;fail;846;301;1289;657;423;1766;2154;31038
604;fail;6918;541;1212;229;498;4778;2289;fail
605;fail;3017;1652;2123;35;300;7969;16184;23856
606;fail;1832;287;563;199;937;791;12934;17547
607;fail;1042;1130;430;1483;2648;114;17047;29734
608;fail;493;4775;6833;2783;819;7383;44031;13650
609;fail;707;2553;932;615;845;1528;9087;54695
610;fail;975;370;2538;1227;109;283;58918;34959
611;fail;2662;592;335;2088;1477;631;2254;26229
612;fail;1355;89;367;1841;2365;2147;12910;16721
613;fail;2930;2569;164;405;4828;4095;6857;21178
614;fail;1151;3126;641;198;171;15231;10918;18941
615;fail;348;864;318;747;2926;24485;25426;63380
616;fail;5219;2371;2475;2997;2374;262;22240;36404
617;fail;2392;2170;1882;2900;408;2851;30870;20872
618;fail;15619;4087;4398;4935;2940;7547;4978;fail
619;fail;6390;3938;1606;1473;2022;1890;38586;10520
620;fail;522;449;3114;2164;2044;1117;33620;fail
621;fail;868;452;1292;5138;1768;2655;1138;13600
622;fail;2635;2519;2232;3117;892;1898;fail;fail
623;fail;1535;2287;354;321;651;837;336;fail
624;fail;1193;798;633;2085;3033;2384;39779;fail
625;fail;1662;234;622;1255;1929;1244;3412;31287
626;fail;144;65;408;5538;3826;1434;52592;20985
627;fail;1320;1691;475;4233;1973;2186;43725;9425
628;fail;3204;603;3965;737;2772;2266;48035;fail
629;fail;357;3636;1648;734;1588;7492;12775;31902
630;fail;2087;1273;2170;1878;4900;2313;8229;2476
631;fail;2077;603;479;48;852;2075;3037;5701
632;fail;450;1381;1426;226;2948;2268;736;61359
633;fail;628;1122;1489;401;503;2072;2605;fail
634;fail;1332;199;4837;1319;563;8779;25797;2671
635;fail;2905;129;2129;3203;71;12046;18834;fail
636;fail;3120;1432;1538;474;2436;2172;21222;12928
637;fail;1550;2320;6272;636;880;1473;21215;46956
638;fail;3320;405;471;2761;322;4516;fail;3346
639;fail;4675;5858;916;471;1746;3802;35939;23270
640;fail;2824;1436;2681;470;3204;2270;50240;9874
641;fail;1906;7224;754;2770;849;14839;29545;2495
642;fail;691;2473;559;6518;535;336;2390;5400
643;fail;684;735;1449;1213;896;6846;540;20455
644;fail;3192;874;10188;765;286;1818;20120;34729
645;fail;589;520;992;2678;5479;8368;26063;fail
646;fail;1775;3434;1978;2508;1533;15835;11251;391
647;fail;1398;848;1121;1100;1131;2216;6818;36939
648;fail;2000;1258;566;569;1791;10023;11396;27600
649;fail;188;387;987;1264;987;4940;65851;13641
650;fail;2930;579;229;1082;9750;5407;17955;35010
651;fail;5312;4377;2073;3013;2284;856;26632;51076
652;fail;668;327;2276;376;505;793;41184;17080
653;fail;2096;6887;1586;3195;1418;6225;54632;28215
654;fail;2051;200;2144;2983;2178;10399;8338;32550
655;fail;1099;1039;838;100;8456;623;32738;fail
656;fail;880;4588;5354;128;131;2661;17614;6167
657;fail;2538;1963;595;521;367;1381;3040;8993
658;fail;2312;11868;1021;144;4944;907;62247;49844
659;fail;4668;1605;1926;245;254;5201;22336;2402
660;fail;1169;1813;753;2901;3564;11716;fail;11464
661;fail;3399;300;1736;888;3321;1296;41161;39198
662;fail;6024;762;271;2636;3059;1974;fail;fail
663;fail;4538;2542;3167;3003;542;3321;14050;2777
664;fail;9513;551;915;907;5818;6822;16268;2939
665;fail;3717;340;183;3477;57;21584;54970;10723
666;fail;3863;745;2365;5166;1385;1366;4653;10845
667;fail;2789;7221;553;1161;2212;1152;8144;59943
668;fail;2329;230;939;891;1134;7611;14623;16131
669;fail;215;1483;3075;1454;563;3209;40683;5703
670;fail;1984;985;628;718;7479;573;17908;45174
671;fail;1830;441;5966;1889;4715;12485;3108;fail
672;fail;942;4362;1340;475;1330;415;18067;30504
673;fail;2634;313;1513;1412;5266;7545;13808;43100
674;fail;1088;1404;1024;590;9805;7373;914;5371
675;fail;8527;5050;519;1601;75;1230;11384;50715
676;fail;483;9154;485;961;1689;19936;42895;23782
677;fail;666;1297;2144;1140;807;839;551;2747
678;fail;1158;1005;5931;514;3765;10019;12187;46229
679;fail;3841;257;3072;1621;6557;814;28050;15628
680;fail;3459;5116;657;696;5877;779;1374;29055
681;fail;2722;1062;762;4193;2814;3072;16625;610
682;23;4412;2117;1109;129;1530;16209;2210;51423
683;fail;1533;1023;2005;2909;7337;316;15349;fail
684;fail;1417;7011;2701;3265;1514;1639;19972;21329
685;fail;1676;489;883;1632;1003;95;3178;40432
686;fail;502;569;2725;5251;439;1219;985;11521
687;fail;8939;4233;498;5389;1891;601;fail;27040
688;fail;3354;5039;851;7886;198;3835;58087;2199
689;fail;1249;919;55;1454;2503;5793;5182;fail
690;fail;1513;10192;1269;1409;776;1042;5746;3970
691;fail;10825;996;13417;3483;2648;4913;2446;fail
692;fail;1955;5072;4179;2260;1158;1307;9790;12759
693;fail;3695;2516;935;2655;2036;3733;fail;fail
694;fail;499;619;1011;138;433;353;47408;39879
695;fail;3293;1705;1317;2620;2904;11742;46680;31358
696;fail;426;1481;1994;404;1160;982;5216;13921
697;fail;2315;1087;2609;2875;1738;1850;329;14211
698;fail;1937;707;358;2811;1049;10775;61544;3502
699;fail;973;515;758;1284;751;1831;56441;fail
700;fail;1114;1339;1397;1536;1768;2175;3770;28889
701;fail;7797;1253;588;1106;565;9880;6766;933
702;fail;481;3311;650;344;601;519;2115;11001
703;fail;7570;1624;1296;7817;7385;1406;42345;14039
704;fail;11967;740;5154;743;114;371;790;47102
705;fail;4125;5529;219;6097;1422;8487;2865;42090
706;fail;1549;3453;300;2344;158;363;33127;fail
707;fail;1545;1569;2528;886;387;495;6945;10139
708;fail;2073;1908;241;351;506;8502;14455;2065
709;fail;759;5729;2573;1847;205;1677;15099;662
710;fail;13063;1457;253;4882;100;2009;2086;45576
711;fail;13198;4291;6490;1349;1755;3846;37843;1483
712;fail;4967;4454;2251;827;1684;4523;63224;fail
713;fail;2737;4673;3904;177;2984;2573;7509;24840
714;fail;2451;6160;4383;766;5031;1369;2576;fail
715;fail;5938;11377;5894;1737;2714;1038;8578;fail
716;fail;687;3337;616;820;1714;5952;36427;12984
717;fail;4458;261;871;3196;122;404;27841;36396
718;fail;25172;4139;1834;1528;1802;2254;1490;32409
719;fail;1123;462;1824;448;3148;406;fail;17188
720;fail;1155;924;748;1975;151;8285;3042;19061
721;fail;8232;4743;1139;3484;286;2684;35668;49165
722;fail;4698;1120;717;1982;294;5034;10049;fail
723;fail;1861;1144;545;1685;859;1322;5523;fail
724;fail;454;970;116;4152;38;5529;5245;12603
725;fail;2054;979;856;4942;1173;2049;118;37812
726;fail;2146;277;402;210;491;5707;32586;5424
727;fail;1232;827;3866;148;4534;755;7569;929
728;fail;2269;1944;444;39;334;458;9517;30268
729;fail;3085;1676;808;4188;4526;12544;2222;59696
730;fail;393;701;1656;272;908;7029;1859;12844
731;fail;452;4565;4036;767;4200;666;7374;61296
732;fail;3023;810;267;1853;7091;11730;8164;fail
733;fail;59;3380;1878;1919;2718;3086;43997;5652
734;fail;5127;705;729;5033;1333;14519;15797;117
735;fail;2312;1242;6278;255;3139;441;30152;37557
736;fail;4899;1461;1660;390;2785;925;5721;fail
737;fail;750;410;1505;2752;482;423;29610;703
738;fail;1090;630;2380;2326;1425;7629;67065;29514
739;fail;6997;2296;1576;4471;3223;3656;14999;53895
740;fail;3896;369;463;459;1038;433;1927;36614
741;fail;4564;5724;856;232;118;5230;11460;14449
742;fail;676;3137;189;424;1056;334;4747;49952
743;fail;1314;1366;3297;1679;858;9098;31204;34545
744;fail;1564;8450;742;3426;485;565;9433;44907
745;fail;2152;158;2943;2639;475;11244;9915;35543
746;fail;4982;978;347;504;1458;1571;2918;12673
747;fail;7153;1405;2058;704;2328;9202;7757;fail
748;fail;1844;4018;2636;1492;2309;8651;6887;fail
749;fail;878;942;979;89;2566;12169;77;fail
750;fail;1304;658;265;446;250;175;fail;11959
751;fail;3820;4097;795;785;773;8643;15771;fail
752;fail;8593;1552;1444;1741;2080;7183;44054;16241
753;fail;412;6113;5576;322;553;19849;2457;11554
754;fail;4633;737;771;4875;2210;745;10199;7073
755;fail;19424;175;557;1741;1936;4330;969;53053
756;fail;220;3626;4859;149;446;4323;8617;32147
757;fail;2592;1620;6479;455;769;165;61158;24447
758;fail;3154;410;227;768;272;764;10771;31698
759;fail;2921;218;1273;642;91;1597;4460;6742
760;fail;1620;1785;1049;584;2484;234;59846;5147
761;fail;3410;383;2979;2911;691;4423;21023;1894
762;fail;11702;255;355;649;561;4229;28970;7354
763;fail;2469;540;937;425;2797;16481;4767;13467
764;fail;9004;90;3464;876;2163;8779;fail;fail
765;fail;1896;933;673;3349;199;791;6480;36267
766;fail;780;204;3125;2210;430;635;8599;17353
767;fail;255;889;2014;894;920;1031;32059;55059
768;fail;13198;5582;5849;371;661;4246;23092;fail
769;fail;6254;3284;4392;2619;6813;1134;34319;62914
770;fail;9881;4201;498;2042;691;551;4894;31697
771;fail;3456;671;492;3154;771;8451;9762;4679
772;fail;6227;782;579;135;1003;2421;25277;16350
773;fail;416;765;525;3126;2173;1369;10055;3549
774;fail;3804;2056;6807;584;3608;6741;475;3030
775;fail;6287;648;1018;441;952;7787;10594;13296
776;fail;4127;8360;214;4733;1681;299;10920;11154
777;fail;2608;493;845;259;258;1152;51679;fail
778;fail;12694;1185;3668;488;2339;309;2745;30572
779;fail;1184;12916;470;4965;697;5013;20348;66274
780;fail;4894;1511;2074;6632;2531;2191;45590;39952
781;fail;715;2306;1576;790;1058;6660;54707;26908
782;fail;4281;542;1552;1098;1272;7893;2498;fail
783;fail;472;312;266;1354;974;5759;2894;40438
784;fail;3106;1193;1003;3988;317;9427;1406;7797
785;fail;2321;2732;1253;1154;4165;4516;1340;1599
786;fail;2946;1548;4231;803;830;2446;2271;32373
787;fail;895;889;2155;468;451;7755;18255;35548
788;fail;440;192;5438;759;684;1391;4325;22047
789;fail;2175;890;568;444;1216;1014;11079;4147
790;fail;2885;1286;809;1968;3702;581;8880;4704
791;fail;186;2034;782;394;102;1379;fail;16692
792;fail;2944;1458;999;623;1302;1809;7898;19208
793;fail;1926;283;367;2182;5614;1024;31867;13721
794;fail;1077;371;2491;3141;2868;1596;fail;49440
795;fail;4064;779;1627;2984;1268;581;21989;42315
796;fail;994;8702;6182;308;2219;959;32355;41241
797;fail;3007;2200;1147;2666;135;8249;3918;14501
798;fail;3263;560;7413;749;1721;2397;26810;24480
799;fail;889;1167;4655;731;3561;7318;16161;20362
800;fail;2449;282;7852;2002;11565;133;37770;68063
801;fail;5621;388;678;184;337;7980;39701;fail
802;fail;7525;599;797;4981;2837;157;57354;13526
803;fail;9348;716;730;2845;1324;19917;55329;19265
804;fail;987;3255;681;2705;282;388;3041;2237
805;fail;12398;2694;1038;964;3731;6099;5223;4852
806;fail;1293;1277;463;2891;5652;2942;5309;23208
807;fail;411;86;150;687;415;2471;39571;9747
808;fail;11113;5572;2298;4515;5243;7528;7959;38075
809;fail;10139;1620;1716;412;358;1541;36022;fail
810;fail;1759;517;4973;5928;5008;4036;58623;9644
811;fail;614;2148;571;2086;2177;1118;16872;54155
812;fail;3507;1571;1227;404;2279;1530;20034;21500
813;fail;4853;4619;6673;2454;2742;3193;14246;31738
814;fail;7046;7847;323;1642;2326;8079;7164;fail
815;fail;6457;561;1426;737;2224;254;17241;28154
816;fail;770;1287;239;773;9905;14079;52843;67013
817;fail;5476;719;1333;530;848;5805;17482;fail
818;fail;736;3908;758;1029;7061;1366;3382;fail
819;fail;2788;1470;1317;1142;331;534;15787;53524
820;fail;3924;13190;913;3801;5785;4016;461;43023
821;fail;3512;263;2160;669;1980;11051;17137;50755
822;fail;822;619;1378;401;2658;2385;4275;45312
823;fail;1413;117;1560;512;2161;415;45123;26692
824;fail;2564;1181;5551;2645;3598;5358;5497;49570
825;fail;4857;724;4283;2157;403;2183;22778;14162
826;fail;857;3043;1284;434;1345;2787;30366;18670
827;fail;7699;6888;663;1531;1157;15561;42214;fail
828;fail;727;413;1933;1266;1532;2197;38267;fail
829;fail;1810;1229;410;572;398;3303;63717;10156
830;fail;5416;631;254;4184;10992;4469;10409;51509
831;fail;1391;123;251;1463;689;713;fail;16647
832;fail;1113;479;1417;144;1261;3380;29524;9874
833;fail;1464;6822;5148;1098;1008;11230;6524;16796
834;fail;3005;1627;490;931;1654;1057;66955;fail
835;fail;2565;10707;2550;479;1149;245;29734;17269
836;fail;863;6284;400;2235;534;8440;327;30654
837;fail;6248;8075;1138;173;412;8027;1235;fail
838;fail;6846;2739;956;3198;2069;340;51546;fail
839;fail;2758;267;1326;512;520;8545;16474;25334
840;fail;2411;3707;571;437;4509;1342;21319;51261
841;fail;1184;317;762;1000;170;2747;42956;fail
842;fail;6869;1549;813;1967;4988;2548;57067;3027
843;fail;1199;1244;1399;3067;1535;2137;27161;7050
844;fail;3278;1275;6519;748;953;3583;59099;17453
845;fail;4216;7430;1901;2902;1043;7968;723;59272
846;fail;2458;856;1858;1947;562;1058;18465;12428
847;fail;1758;612;2116;479;3116;4940;44041;10932
848;fail;8584;1923;352;1940;2036;2676;8532;34587
849;fail;4703;1019;3118;994;1564;4235;34556;fail
850;fail;863;660;3587;3823;1163;3636;9664;35857
851;fail;13495;245;139;79;610;39;12688;27312
852;fail;235;4255;1756;312;291;1833;23668;66016
853;fail;630;3452;408;675;6415;2132;34344;56195
854;fail;1529;692;2045;1036;4003;10717;10400;12132
855;fail;1027;401;1564;515;3490;4271;35377;fail
856;fail;8826;4413;588;1938;3151;3430;48478;10369
857;fail;2472;2523;2104;453;1311;15338;12171;11972
858;fail;1769;1333;366;954;202;3458;11721;7889
859;fail;230;1690;877;5790;279;524;3239;43274
860;fail;872;1155;7179;2911;796;3533;10528;31640
861;fail;4847;186;892;672;509;2125;14635;fail
862;fail;2641;2402;3339;6156;430;4576;fail;10246
863;fail;208;1740;2563;1672;4661;447;64501;fail
864;fail;1716;1625;1078;2172;109;648;44288;7150
865;fail;776;6160;494;5805;407;716;31169;fail
866;fail;1634;332;491;834;2419;3840;25472;4432
867;fail;1976;1999;2177;4631;1152;15692;10019;16554
868;fail;2027;1306;131;6315;1388;4245;9421;15231
869;fail;2697;894;1814;2695;1352;11931;fail;fail
870;fail;14139;4488;609;478;685;8232;336;60209
871;fail;341;37;364;687;1364;1816;1305;13806
872;fail;2957;633;5891;676;1459;6837;15494;1913
873;fail;6805;3242;3096;340;11068;1016;34128;fail
874;fail;2097;1779;1608;1908;847;3418;26248;fail
875;fail;2010;2007;1116;287;188;2917;fail;3316
876;fail;399;666;360;1711;546;2264;12362;37819
877;fail;18676;7002;857;3073;2775;5323;32868;fail
878;fail;971;3851;4278;616;308;7088;2428;fail
879;fail;2949;901;203;345;477;4825;12842;49538
880;fail;1439;1199;607;251;853;551;16033;19555
881;fail;5221;344;2741;344;5056;14459;379;8875
882;fail;8354;4154;2760;2367;609;2470;5627;254
883;fail;526;3200;2635;2748;388;1652;6683;2117
884;fail;5641;657;3484;4005;1784;5320;fail;26146
885;fail;1626;1116;1766;2425;1912;1735;8326;4415
886;fail;1767;588;650;1017;17879;7185;2180;35218
887;fail;3930;617;1999;2090;351;3984;fail;17748
888;fail;4230;15894;2106;90;827;511;fail;fail
889;fail;1285;924;583;442;237;15862;5805;fail
890;fail;370;4368;566;370;6199;9265;22860;fail
891;fail;731;850;571;63;1094;17717;15439;1585
892;fail;3025;841;941;812;6672;7039;11070;fail
893;fail;856;371;1590;3475;1013;4439;23454;13505
894;fail;6190;390;411;905;3457;745;fail;13231
895;fail;2269;3413;171;1114;1008;3458;171;15798
896;fail;87;688;509;265;778;313;7633;fail
897;fail;401;3441;3321;964;7899;762;9067;23235
898;fail;2230;1513;1527;1913;7460;905;5541;14502
899;fail;6462;456;1113;3666;1565;8274;52297;38650
900;fail;1053;1528;268;1709;962;1964;9830;49700
901;fail;775;199;455;1863;1460;4025;34012;fail
902;fail;1510;701;329;339;249;8137;56293;17322
903;fail;3850;649;491;1463;5007;270;29739;37140
904;fail;191;2531;525;439;5314;2244;5015;15764
905;fail;5550;6093;405;1485;3174;174;5932;51319
906;fail;4853;872;1881;4424;544;3892;11599;24352
907;fail;1206;201;462;5242;1908;1660;39624;36329
908;fail;1118;995;529;1168;266;1920;3953;11676
909;fail;3329;401;4573;1981;2310;1997;15185;21805
910;fail;3852;1935;1036;1990;192;3501;33135;fail
911;fail;7332;825;132;1348;1134;2715;5014;24110
912;fail;396;2973;1019;3385;2359;13469;2545;fail
913;fail;1300;3587;1004;534;1071;781;14206;6584
914;fail;1755;1453;2772;446;5088;4703;902;fail
915;fail;2464;4713;2720;144;1906;1154;12246;4335
916;fail;692;3248;1319;393;1607;1096;15595;3992
917;fail;2181;894;5827;3163;1850;5731;6051;fail
918;fail;2992;547;991;2097;920;12054;30188;fail
919;fail;2823;573;257;442;4001;3812;8558;29676
920;fail;5669;933;739;397;112;10990;14907;fail
921;fail;4649;2459;436;4774;259;837;59331;21035
922;fail;2325;991;4797;904;2748;2158;14098;48011
923;fail;1586;1867;48;648;2472;5392;24301;3488
924;fail;3731;287;1417;8513;2030;1219;25786;fail
925;fail;1096;1696;796;2881;869;2393;28524;25386
926;fail;1905;1291;1322;1910;1644;5394;2849;2465
927;fail;275;491;418;586;8523;574;fail;31366
928;fail;410;688;358;3657;511;2474;3247;106
929;fail;4306;371;311;1631;2145;271;41044;24197
930;fail;917;224;1635;267;601;5159;25516;24964
931;fail;3516;1536;575;584;866;1643;545;63502
932;fail;14124;1114;1636;202;4083;5131;3676;15740
933;fail;1848;87;400;1644;59;1207;8987;41478
934;fail;886;764;1817;193;750;1429;5193;3392
935;fail;800;638;3692;7426;79;581;31221;1273
936;fail;4987;1334;2598;5728;1277;14922;4484;65076
937;fail;3269;6282;283;2716;721;6435;49910;27258
938;fail;2185;1067;362;791;877;4416;18920;10004
939;fail;3108;1592;215;805;799;568;30298;63039
940;fail;883;810;229;515;1025;2494;12273;19927
941;fail;251;6953;781;657;1201;1452;751;fail
942;fail;724;413;357;133;3106;3954;3681;3974
943;fail;10703;555;2236;1788;2771;2145;1495;13831
944;fail;8678;621;1093;3073;205;1604;6180;4227
945;fail;8306;1743;540;5675;2236;949;5839;fail
946;fail;7171;4407;1390;131;1543;1226;16548;7090
947;fail;6199;1972;1441;897;1168;3157;11274;16
948;fail;7713;215;280;1107;631;727;fail;41316
949;fail;8386;2776;18;904;5713;7682;33646;2923
950;fail;3680;1841;1096;2125;1669;5507;3688;1863
951;fail;6483;1358;690;2068;2722;11448;35695;4694
952;fail;12072;4401;3513;3308;1814;336;35333;8446
953;fail;1410;2144;729;1528;2512;1475;39131;27595
954;fail;7113;2315;371;410;6252;4486;50077;25491
955;fail;7219;370;2657;111;709;1196;572;5575
956;fail;4236;571;2002;3243;516;2135;439;11376
957;fail;81;496;343;1334;535;1116;59405;8
958;fail;1891;1634;272;991;852;6163;fail;23384
959;fail;894;1248;863;261;515;450;35955;19235
960;fail;6997;5575;465;1030;8107;1825;2053;3542
961;fail;1820;85;447;2037;1579;918;15444;20263
962;fail;859;798;3185;2765;7761;15870;fail;30001
963;fail;413;7125;567;2423;4860;3404;4175;55402
964;fail;7409;2151;755;1050;7972;2858;13761;33928
965;fail;1213;1019;91;1167;254;1361;26701;4477
966;fail;781;993;336;6945;638;3278;19439;10985
967;fail;1174;6487;5505;2111;2770;4986;14384;16328
968;fail;2217;1219;513;552;1093;529;1752;46075
969;fail;1216;2660;750;1951;733;5277;11481;41227
970;fail;1147;1180;442;3379;4639;1617;28752;3578
971;fail;848;247;572;2786;649;7028;28331;fail
972;fail;3892;866;825;57;624;7823;42093;12030
973;fail;14226;2122;1370;2688;764;4351;31971;37298
974;fail;1620;1324;261;438;571;1756;30557;12518
975;fail;907;468;3238;648;1872;10181;6170;5731
976;fail;1496;637;2191;2032;89;1795;3313;15433
977;fail;3486;1806;3557;1463;286;8686;9906;26341
978;fail;1432;2076;2186;7503;1277;443;5371;44714
979;fail;5853;2406;208;2620;653;1114;39323;fail
980;fail;457;5519;1193;4618;391;618;38893;fail
981;fail;2372;934;755;5877;3326;502;3965;56664
982;fail;2671;5735;2135;479;3823;479;23388;fail
983;fail;270;210;610;453;1514;577;14825;3889
984;fail;802;4738;1819;1421;819;3442;3305;3149
985;fail;6529;858;782;925;6223;1730;14499;21464
986;fail;640;1082;2970;7215;494;4598;25744;fail
987;fail;9404;846;11363;536;754;9714;24819;6156
988;fail;3020;226;821;1399;2216;547;4397;fail
989;fail;736;454;876;27;452;4655;4572;17007
990;fail;48;3261;5350;4210;11044;3080;2924;50010
991;fail;2209;568;564;694;324;3566;4036;23983
992;fail;4567;306;977;1157;738;1236;46424;34866
993;fail;1398;890;227;568;5183;3539;fail;9290
994;fail;2250;4340;796;5300;1992;6518;17470;31040
995;fail;5025;667;457;801;2024;1385;13;10405
996;fail;4483;2521;360;677;557;3458;fail;4996
997;fail;2152;1638;2191;2125;1783;4176;237;fail
998;fail;514;2552;1322;928;928;7430;5691;50237
999;fail;1168;3228;2173;3000;368;682;16083;20091