0;fail;957;1481;384;158;536;428
1;fail;534;499;2820;262;592;447
2;fail;1027;218;120;244;262;1061
3;fail;1182;370;717;584;300;496
4;fail;1097;674;409;757;2494;1850
5;fail;443;1939;200;347;233;855
6;fail;4338;1057;442;3181;2641;2577
7;fail;402;1171;776;405;703;365
8;fail;212;672;146;82;151;145
9;fail;1913;326;209;786;800;2138
10;fail;387;120;741;778;956;1406
11;fail;473;591;297;622;565;2934
12;fail;1379;1471;2025;367;356;2373
13;fail;380;1984;1067;262;1017;2896
14;fail;501;458;1261;1581;618;564
15;fail;3591;474;120;959;199;1462
16;fail;255;104;625;1129;187;738
17;fail;260;878;257;880;490;1635
18;fail;513;1971;2145;392;552;5080
19;fail;1132;369;216;344;288;724
20;fail;2871;1659;1514;240;1229;7563
21;fail;892;916;696;4374;1557;3645
22;fail;1031;533;667;2792;2588;457
23;fail;932;242;203;273;592;715
24;fail;880;582;694;121;2378;4264
25;fail;1053;273;266;125;136;2571
26;fail;385;1074;768;138;394;1815
27;fail;2376;323;539;492;525;3411
28;fail;1236;379;1825;442;600;3223
29;fail;1440;573;111;847;1757;3175
30;fail;427;352;941;1037;1401;922
31;fail;968;1408;1389;955;238;236
32;fail;1579;903;254;281;135;180
33;fail;897;455;1592;1936;616;556
34;fail;236;864;264;3521;685;781
35;fail;1420;280;2133;454;1270;637
36;fail;1616;275;385;243;565;917
37;fail;965;144;1398;813;278;160
38;fail;1214;161;454;245;458;132
39;fail;445;352;1772;283;1146;1920
40;fail;1691;608;998;227;1244;358
41;fail;1091;631;1223;901;89;295
42;fail;1567;157;123;1698;282;4150
43;fail;1070;456;513;298;1770;794
44;fail;203;477;191;1312;447;3639
45;fail;820;897;317;353;165;1852
46;fail;1652;1182;140;177;471;1142
47;fail;2515;492;742;1051;349;1531
48;fail;395;176;213;352;198;1223
49;fail;769;868;575;1511;383;471
50;fail;1573;249;690;675;324;5539
51;fail;1011;1344;703;881;240;14101
52;fail;649;3304;657;536;281;1971
53;fail;448;395;357;333;731;3840
54;fail;3013;575;133;947;788;4662
55;fail;696;1776;1478;415;527;978
56;fail;146;375;177;1001;339;440
57;fail;610;711;854;372;4871;7
58;fail;403;664;224;157;768;1099
59;fail;1552;200;1641;225;406;1849
60;fail;596;502;850;213;492;4278
61;fail;1135;546;719;332;1724;1093
62;fail;466;396;187;2205;456;365
63;fail;1356;782;906;400;1225;4057
64;fail;250;1310;261;1788;584;2140
65;fail;1631;785;649;254;322;1466
66;fail;2087;324;225;294;353;603
67;fail;708;304;779;161;416;614
68;fail;808;574;525;481;275;2075
69;fail;829;294;1752;2442;2886;1536
70;fail;3017;331;1272;639;358;1289
71;fail;219;445;623;623;308;1933
72;fail;652;1096;215;310;408;2560
73;fail;3532;304;687;81;1031;8121
74;fail;851;1801;661;387;88;2193
75;fail;527;1995;297;1003;149;460
76;fail;826;174;1229;117;341;950
77;fail;425;229;1009;620;786;8182
78;fail;1559;610;504;630;483;414
79;fail;2226;1082;567;547;329;1523
80;fail;997;698;2726;1235;1262;535
81;fail;620;4094;1333;242;422;3786
82;fail;2778;487;1286;1204;110;331
83;fail;832;1096;262;387;1576;309
84;fail;634;826;185;668;847;517
85;fail;288;238;1181;542;1419;195
86;fail;2877;754;502;549;147;1506
87;fail;1328;1220;248;771;1550;445
88;fail;711;3244;800;78;120;207
89;fail;2123;988;1234;310;1384;1081
90;fail;461;194;280;196;231;3586
91;fail;713;272;886;721;656;1169
92;fail;1527;1146;1335;911;635;5003
93;fail;145;1279;325;632;1157;1487
94;fail;357;1399;351;207;702;221
95;fail;646;268;2722;2813;271;463
96;fail;1363;1822;249;935;427;195
97;fail;879;1299;192;1031;1392;1446
98;fail;264;293;1680;297;576;4865
99;fail;3655;1751;356;1885;1045;354
100;fail;838;493;1294;453;311;2606
101;fail;187;994;1197;493;177;2195
102;fail;319;351;1376;179;125;3375
103;fail;68;1385;207;215;114;69
104;fail;274;569;368;808;172;532
105;fail;3279;449;249;3409;164;288
106;fail;869;1782;87;610;556;1120
107;fail;1515;1223;914;460;564;2539
108;fail;661;301;62;178;1212;161
109;fail;349;827;236;421;1189;1637
110;fail;515;349;155;237;361;262
111;fail;802;1040;580;97;751;1547
112;fail;416;375;381;131;770;1454
113;fail;363;458;375;185;230;2821
114;fail;388;881;243;556;771;511
115;fail;226;1638;661;1692;1521;1468
116;fail;758;945;264;267;2659;1095
117;fail;1299;584;825;568;155;58
118;fail;215;3135;1238;268;374;2349
119;fail;711;313;107;280;293;459
120;fail;1828;1151;326;700;36;5125
121;fail;5867;1821;581;1076;461;2051
122;fail;2181;224;137;1460;410;170
123;fail;546;1488;721;236;887;1695
124;fail;577;767;99;311;405;605
125;fail;5603;746;1049;512;771;599
126;fail;920;350;340;869;258;1413
127;fail;2080;531;431;91;656;248
128;fail;1227;741;200;56;150;357
129;fail;444;456;217;100;1376;196
130;fail;2427;446;113;1901;145;864
131;fail;1836;3772;378;1597;207;1483
132;fail;974;184;780;890;461;176
133;fail;483;1115;1439;426;394;1444
134;fail;2905;831;1451;202;458;4842
135;fail;5209;139;375;78;123;2442
136;fail;3179;732;312;1192;455;421
137;fail;975;474;475;598;497;332
138;fail;3170;248;483;282;289;1501
139;fail;763;1094;951;382;115;481
140;fail;1687;377;427;881;274;1481
141;fail;2469;689;3002;1134;922;1495
142;fail;561;67;386;384;226;729
143;fail;387;768;132;1153;562;909
144;fail;893;226;476;629;215;4052
145;fail;274;1138;329;725;1662;2294
146;fail;377;1463;447;649;466;3163
147;fail;503;1119;281;214;200;2067
148;fail;107;241;372;889;262;321
149;fail;444;276;301;193;638;101
150;fail;832;2541;220;85;161;1798
151;fail;566;533;548;180;96;1219
152;fail;1027;280;514;766;53;221
153;fail;1027;2488;610;330;1298;3903
154;fail;277;451;4795;1049;372;785
155;fail;398;2861;1536;261;2732;219
156;fail;2613;258;234;376;523;1253
157;fail;181;551;294;508;1954;1109
158;fail;376;1709;1509;260;1951;5984
159;fail;2042;883;287;1217;2561;1101
160;fail;1340;312;781;185;93;789
161;fail;310;779;564;267;183;1181
162;fail;1270;347;218;189;766;1025
163;fail;190;484;149;701;1187;9214
164;fail;315;383;369;1145;141;519
165;fail;1445;376;562;482;209;2144
166;fail;2166;694;1434;597;2089;818
167;fail;448;507;367;146;186;1468
168;fail;526;392;768;362;504;253
169;fail;517;432;1024;227;287;91
170;fail;365;1416;299;665;718;293
171;fail;3308;342;314;157;421;3505
172;fail;973;354;128;203;262;239
173;fail;449;897;328;248;280;394
174;fail;2057;260;258;1089;461;430
175;fail;2988;344;314;556;252;237
176;fail;649;346;395;165;2041;1960
177;fail;293;406;218;213;534;820
178;fail;2088;280;1318;379;326;1876
179;fail;1184;220;1142;3390;744;631
180;fail;370;809;301;1221;122;2545
181;fail;1233;2205;320;1155;1646;3252
182;fail;1416;884;369;786;1238;2796
183;fail;476;1117;1175;1742;2858;1168
184;fail;704;290;1191;241;143;55
185;fail;380;577;422;124;446;1414
186;fail;1042;440;130;772;313;2183
187;fail;248;379;183;279;678;807
188;fail;468;548;281;90;406;1362
189;fail;2196;1045;218;484;109;955
190;fail;1721;249;101;681;2711;227
191;fail;530;127;496;2247;579;870
192;fail;289;714;451;371;603;1361
193;fail;1158;407;705;951;619;1542
194;fail;160;341;440;275;243;813
195;fail;319;651;212;569;364;840
196;fail;857;685;215;955;392;1553
197;fail;1263;337;335;1007;101;448
198;fail;1041;666;187;361;147;130
199;fail;473;3688;134;584;997;4816
200;fail;2086;1142;257;916;1719;981
201;fail;907;319;367;518;1796;5116
202;fail;899;736;1234;685;1423;3472
203;fail;3370;234;83;85;329;2835
204;fail;310;879;290;87;575;984
205;fail;3996;176;564;1234;988;1210
206;fail;550;842;536;846;1175;3494
207;fail;370;421;221;173;1189;106
208;fail;1094;867;473;193;125;702
209;fail;1737;750;577;903;1862;2236
210;fail;754;2245;1213;491;649;255
211;fail;1736;366;982;1266;1172;528
212;fail;998;239;1430;2438;595;447
213;fail;2433;202;322;421;59;281
214;fail;1055;2033;288;427;699;1681
215;fail;2433;110;460;990;504;321
216;fail;380;666;922;585;161;2757
217;fail;1220;103;554;613;885;653
218;fail;359;1231;172;146;315;1191
219;fail;674;475;1130;280;1169;2154
220;fail;3070;117;461;136;152;171
221;fail;2031;414;1642;943;114;246
222;fail;904;711;3877;485;816;3625
223;fail;461;369;777;1004;457;1688
224;fail;522;335;524;404;302;706
225;fail;4304;355;288;125;74;1210
226;fail;566;2636;507;250;1902;833
227;fail;2535;844;2787;544;1249;603
228;fail;154;484;301;369;243;89
229;fail;654;283;251;221;354;7001
230;fail;4457;532;628;707;398;689
231;fail;681;1274;1780;157;744;335
232;fail;191;183;524;271;935;1024
233;fail;794;176;2331;369;415;1329
234;fail;1153;217;369;264;630;2453
235;fail;693;275;1377;180;99;205
236;fail;418;182;624;143;1209;274
237;fail;1335;1548;970;145;345;1201
238;fail;452;1135;221;1106;525;574
239;fail;775;279;662;493;920;1389
240;fail;804;347;420;1157;634;1219
241;fail;967;535;1146;296;612;697
242;fail;467;682;496;227;208;542
243;fail;3209;290;215;190;490;1395
244;fail;118;1499;1546;791;937;223
245;fail;954;366;1673;239;943;194
246;fail;452;246;1151;1017;1771;3100
247;fail;1440;597;1365;725;218;518
248;fail;272;2801;172;188;185;1884
249;fail;283;2196;574;3053;63;245
250;fail;1411;2153;568;161;3158;1664
251;fail;191;693;291;871;149;2718
252;fail;647;360;622;144;587;493
253;fail;1051;137;779;1904;1326;781
254;fail;1452;963;188;230;1069;1600
255;fail;1392;1252;360;545;102;2512
256;fail;5067;1056;708;287;177;150
257;fail;1080;81;1234;240;254;997
258;fail;737;442;1155;1121;1253;41
259;fail;2481;2025;2379;1354;418;383
260;fail;2698;682;885;2038;1813;1855
261;fail;727;257;70;3239;526;547
262;fail;888;272;921;350;341;610
263;fail;819;508;163;3643;1592;352
264;fail;303;802;435;353;215;1548
265;fail;490;515;16;439;1072;1654
266;fail;1712;1277;421;1629;484;77
267;fail;384;193;1420;789;336;365
268;fail;517;309;586;444;1123;1511
269;fail;484;169;420;217;202;6237
270;fail;484;2485;2668;287;1182;512
271;fail;1381;127;1159;387;192;2096
272;fail;2797;547;2221;355;1379;1410
273;fail;1038;690;157;315;86;1252
274;fail;1250;241;1311;623;1519;5442
275;fail;4148;256;359;444;963;2657
276;fail;948;255;158;976;223;1285
277;fail;147;605;311;663;216;117
278;fail;5381;300;668;467;222;1182
279;fail;429;995;220;291;721;455
280;fail;2812;1226;913;871;416;837
281;fail;487;2079;302;251;249;1212
282;fail;763;586;366;211;221;2363
283;fail;1116;1767;1086;223;1370;136
284;fail;438;1775;181;466;1164;890
285;fail;610;2358;722;222;147;2430
286;fail;966;549;1522;422;1357;2082
287;fail;424;1120;244;244;339;1321
288;fail;3751;2745;615;2971;1183;158
289;fail;2060;173;213;324;248;998
290;fail;1120;195;198;1063;164;326
291;fail;363;667;673;504;2833;227
292;fail;893;920;522;537;252;1516
293;fail;2338;488;1478;1027;724;3781
294;fail;251;788;586;763;72;756
295;fail;652;1652;3992;89;169;981
296;fail;583;1859;1895;782;160;1482
297;fail;438;576;581;861;342;4492
298;fail;1327;200;186;1007;724;203
299;fail;649;211;254;642;981;63
300;fail;1870;239;771;814;156;266
301;fail;478;344;241;163;315;931
302;fail;742;1990;147;1038;218;1358
303;fail;1117;1810;701;661;882;322
304;fail;344;258;153;240;301;817
305;fail;214;2666;226;257;663;2105
306;fail;2870;610;1196;616;423;6478
307;fail;784;482;2463;382;427;516
308;fail;561;182;919;677;134;146
309;fail;727;547;1236;245;1139;2465
310;fail;993;2029;1176;93;434;1172
311;fail;3440;129;42;505;208;2945
312;fail;800;2039;1945;644;627;4124
313;fail;1757;1072;349;303;525;717
314;fail;1226;1624;1752;231;688;1246
315;fail;1244;1753;1902;611;66;3253
316;fail;1982;2111;881;201;1964;737
317;fail;422;658;863;1562;410;135
318;fail;1576;280;407;548;612;466
319;fail;275;2900;333;268;699;2000
320;fail;3194;1246;799;307;803;2006
321;fail;244;492;311;501;255;90
322;fail;597;469;317;1040;256;136
323;fail;549;743;254;97;1744;4676
324;fail;3017;378;55;76;240;230
325;fail;3790;1350;1005;691;1706;2443
326;fail;1129;414;178;965;256;561
327;fail;2527;1588;1623;717;463;1890
328;fail;352;1197;626;1409;375;1755
329;fail;325;460;356;483;222;900
330;fail;379;295;367;1052;227;439
331;fail;1313;237;409;292;786;69
332;fail;786;66;1772;1023;193;1769
333;fail;2023;643;453;705;228;500
334;fail;1344;324;2158;300;464;2266
335;fail;785;369;207;915;778;181
336;fail;1120;270;306;774;144;1976
337;fail;3743;198;396;367;1900;5584
338;fail;1069;224;410;359;712;395
339;fail;341;859;233;507;312;1633
340;fail;147;273;1029;631;1836;1643
341;fail;2082;392;241;919;1195;763
342;fail;824;504;278;59;1601;3964
343;fail;324;327;166;204;417;534
344;fail;1037;481;366;176;471;1603
345;fail;1111;909;671;242;270;1866
346;fail;965;1361;1948;810;2450;1423
347;fail;319;576;1244;1179;2254;276
348;fail;2296;1252;404;250;1477;385
349;fail;503;240;1346;398;1014;815
350;fail;664;270;3251;318;254;656
351;fail;453;256;305;2415;188;1600
352;fail;308;552;4137;1676;350;840
353;fail;544;714;275;713;775;730
354;fail;284;588;309;1153;2199;971
355;fail;118;556;220;514;595;1974
356;fail;2722;1338;304;429;396;169
357;fail;2331;243;4799;423;498;1737
358;fail;1197;91;53;187;108;1774
359;fail;1639;578;326;423;173;1084
360;fail;900;196;167;1367;485;435
361;fail;261;273;996;2380;1678;1097
362;fail;1112;481;504;725;113;1168
363;fail;964;205;640;522;439;528
364;fail;900;909;778;222;281;556
365;fail;770;2810;955;206;787;2280
366;fail;519;532;294;652;245;65
367;fail;1098;574;558;2041;343;266
368;fail;1250;1464;485;386;903;7165
369;fail;1279;833;591;766;316;653
370;fail;780;321;276;447;38;263
371;fail;2597;106;186;1118;2158;1966
372;fail;1223;1408;485;1748;350;1042
373;fail;1130;1469;326;314;2911;269
374;fail;649;858;587;1993;512;1962
375;fail;468;524;375;738;792;162
376;fail;1021;290;281;198;613;1674
377;fail;2562;657;758;134;2227;475
378;fail;750;212;273;149;224;1475
379;fail;743;186;482;199;270;164
380;fail;813;528;595;2717;1495;224
381;fail;603;339;1624;86;1565;2231
382;fail;1994;478;2346;498;391;509
383;fail;220;445;1013;1512;1500;150
384;fail;211;1081;93;165;146;904
385;fail;270;1709;519;252;164;164
386;fail;775;596;459;183;471;729
387;fail;140;914;467;532;121;2328
388;fail;537;985;273;290;266;927
389;fail;3523;1885;760;1337;1237;1273
390;fail;485;542;637;340;485;2477
391;fail;1331;2010;273;1914;836;301
392;fail;467;3396;646;220;237;1788
393;fail;1169;451;270;185;176;2706
394;fail;1969;445;994;1229;854;9961
395;fail;1925;480;1385;547;404;637
396;fail;1251;1085;1348;715;326;420
397;fail;1041;543;398;329;739;726
398;fail;1829;597;240;1763;87;1727
399;fail;439;513;331;1403;265;581
400;fail;2453;3370;1176;899;343;2782
401;fail;2665;704;250;942;345;106
402;fail;1980;525;1505;276;272;3739
403;fail;892;2202;1009;725;507;1216
404;fail;676;1938;570;2934;1148;165
405;fail;343;255;693;506;132;1072
406;fail;511;402;675;1023;1498;1273
407;fail;1297;414;402;1371;89;1012
408;fail;512;125;167;342;329;1626
409;fail;1671;1521;1181;190;2265;710
410;fail;2698;400;867;816;354;1464
411;fail;4275;811;725;230;712;2326
412;fail;533;1485;393;236;1427;320
413;fail;1379;1314;1333;257;535;817
414;fail;1698;455;335;1616;323;3707
415;fail;1113;164;1236;1153;277;653
416;fail;1635;635;560;447;127;245
417;fail;2552;763;387;462;262;1808
418;fail;398;1146;1010;515;225;258
419;fail;516;1325;746;929;768;1314
420;fail;697;944;1316;240;1714;1346
421;fail;822;806;1387;689;726;4999
422;fail;451;321;597;829;107;370
423;fail;1139;3887;463;326;210;1092
424;fail;696;344;443;311;166;1174
425;fail;1213;1203;1226;167;241;2366
426;fail;3163;791;200;211;349;324
427;fail;2186;312;753;965;2411;466
428;fail;799;131;212;272;1367;65
429;fail;2319;380;1728;374;401;1586
430;fail;330;765;1001;229;2505;305
431;fail;2644;511;114;709;500;399
432;fail;269;972;269;106;141;861
433;fail;433;283;552;224;422;434
434;fail;369;1446;333;148;1052;786
435;fail;3900;852;1912;202;282;17
436;fail;1483;1053;167;311;1173;3060
437;fail;449;471;464;385;954;2148
438;fail;1141;1529;255;718;1071;1044
439;fail;1289;1944;464;60;153;2091
440;fail;2755;213;348;867;1886;679
441;fail;1823;192;1094;35;345;696
442;fail;28;2294;1362;176;314;1686
443;fail;279;151;2845;490;826;424
444;fail;555;555;480;290;135;4544
445;fail;2005;1818;1951;222;195;432
446;fail;333;396;2331;3724;2650;912
447;fail;486;379;218;218;269;392
448;fail;201;1454;1260;655;504;729
449;fail;1181;183;1476;133;1211;529
450;fail;645;1596;1001;274;743;1407
451;fail;1894;1145;1218;269;407;207
452;fail;368;251;521;383;186;699
453;fail;2523;1168;182;169;364;6842
454;fail;1660;414;688;354;989;338
455;fail;1083;297;118;1084;131;2850
456;fail;1250;173;1214;1875;287;1008
457;fail;1365;1245;96;214;259;1811
458;fail;382;1042;496;420;560;351
459;fail;3913;3028;525;1081;2306;4289
460;fail;601;690;391;199;273;134
461;fail;927;569;371;745;149;690
462;fail;254;583;646;614;132;176
463;fail;4392;370;232;210;680;590
464;fail;1086;672;713;848;735;1115
465;fail;1155;1779;634;2508;662;2347
466;fail;558;349;203;1329;1221;867
467;fail;615;763;1243;1270;1379;1557
468;fail;193;107;710;129;479;412
469;fail;221;610;225;825;1021;589
470;fail;1063;1050;366;171;467;2229
471;fail;244;570;309;986;32;2843
472;fail;2156;421;1312;136;632;1101
473;fail;273;1019;206;158;995;217
474;fail;368;108;324;131;908;1958
475;fail;909;270;420;277;1225;1720
476;fail;183;173;355;178;364;1211
477;fail;1301;308;443;724;272;766
478;fail;706;420;221;99;322;692
479;fail;789;938;521;520;391;1518
480;fail;699;649;266;289;709;3226
481;fail;165;1396;941;590;392;101
482;fail;2872;1809;396;1447;1849;3658
483;fail;4392;1275;1632;217;1294;3094
484;fail;2743;1696;414;630;414;492
485;fail;945;124;569;221;1172;1943
486;fail;494;485;162;554;68;1535
487;fail;1264;415;401;423;778;422
488;fail;829;269;203;338;131;408
489;fail;2453;400;533;156;248;485
490;fail;835;463;289;1091;148;87
491;fail;1527;1248;527;2651;741;829
492;fail;732;904;468;249;138;1140
493;fail;622;975;483;1225;472;71
494;fail;263;116;1111;917;305;4346
495;fail;248;231;469;735;740;1604
496;fail;366;1709;1340;282;499;529
497;fail;1988;669;370;381;290;1532
498;fail;557;208;588;300;1024;892
499;fail;1269;574;882;262;242;4222
500;fail;330;1875;300;1187;1467;1682
501;fail;2052;359;740;61;736;3700
502;fail;955;1441;101;407;1495;363
503;fail;510;1000;538;1076;863;706
504;fail;549;135;162;342;299;476
505;fail;883;212;128;2688;224;228
506;fail;565;295;250;329;1018;1299
507;fail;619;232;311;356;98;463
508;fail;282;315;85;261;273;247
509;fail;957;863;383;1069;482;6148
510;fail;391;457;408;365;807;251
511;fail;802;706;1502;248;1303;6264
512;fail;2217;772;955;630;1342;882
513;fail;1364;423;1029;389;443;709
514;fail;270;1121;2029;888;458;2428
515;fail;111;202;1146;391;838;145
516;fail;399;490;347;417;1000;636
517;fail;214;653;1275;212;3040;4383
518;fail;689;516;200;224;128;459
519;fail;1476;200;221;107;173;1327
520;fail;477;245;332;265;558;1200
521;fail;639;190;118;173;195;259
522;fail;573;223;386;282;3222;1708
523;fail;1342;868;1204;179;106;5051
524;fail;1345;742;1555;914;379;245
525;fail;1249;1343;363;1067;2046;318
526;fail;2070;196;142;243;281;139
527;fail;1004;782;1460;354;928;925
528;fail;1347;901;150;702;906;911
529;fail;155;731;283;552;2424;1420
530;fail;474;432;514;591;1542;772
531;fail;360;1457;475;163;93;2403
532;fail;1670;562;62;132;1306;1243
533;fail;496;169;312;149;327;1140
534;fail;408;631;132;370;660;131
535;fail;5846;1057;1651;707;1921;1486
536;fail;3419;1067;291;712;985;1972
537;fail;330;1095;248;470;208;140
538;fail;276;1007;1109;128;186;865
539;fail;490;571;271;176;182;391
540;fail;1212;803;633;501;2262;338
541;fail;1477;1993;97;220;127;70
542;fail;604;358;60;299;931;837
543;fail;352;319;446;266;198;2449
544;fail;312;405;121;577;595;3073
545;fail;602;594;1940;296;2420;1364
546;fail;635;241;1015;256;606;975
547;fail;432;630;316;472;446;1045
548;fail;2023;1643;261;293;289;849
549;fail;3477;376;585;1139;1501;559
550;fail;445;397;505;260;278;1331
551;fail;1677;177;1956;320;96;355
552;fail;2131;954;807;1319;2203;1493
553;fail;213;673;692;396;1128;82
554;fail;352;2309;431;487;814;1220
555;fail;511;242;2278;426;309;404
556;fail;811;609;668;388;1108;1146
557;fail;408;310;167;928;867;1020
558;fail;1062;526;369;1710;234;1055
559;fail;1401;368;732;760;1105;2687
560;fail;1213;1322;144;518;3202;1253
561;fail;1603;231;391;105;907;775
562;fail;1473;334;241;645;224;1235
563;fail;1016;951;582;667;483;535
564;fail;1310;993;722;452;473;181
565;fail;1956;809;979;259;912;214
566;fail;496;225;494;561;2364;1540
567;fail;860;2020;1192;477;746;1872
568;fail;446;238;1134;512;865;2194
569;fail;612;197;906;444;383;6438
570;fail;235;819;764;487;527;3514
571;fail;2733;511;1281;1537;409;203
572;fail;764;571;810;423;1455;243
573;fail;212;508;3764;654;134;1477
574;fail;564;325;1258;443;133;1906
575;fail;1319;221;2337;198;162;68
576;fail;855;431;1264;1239;258;432
577;fail;1299;553;169;822;807;6570
578;fail;561;51;768;148;371;108
579;fail;1354;2648;2217;632;128;2125
580;fail;719;243;243;412;425;539
581;fail;448;1607;1081;1594;175;73
582;fail;235;1995;368;876;288;619
583;fail;2730;756;320;317;129;259
584;fail;1657;356;1123;1304;2031;1201
585;fail;1433;1068;354;1784;222;2284
586;fail;390;264;284;72;135;3638
587;fail;858;720;866;429;788;2100
588;fail;1023;1129;964;610;1727;1413
589;fail;1771;1043;609;425;48;1064
590;fail;533;768;389;311;1486;69
591;fail;1155;948;1192;711;294;3299
592;fail;520;2382;284;1637;450;2222
593;fail;683;231;484;340;164;1356
594;fail;1411;475;766;127;459;250
595;fail;499;2436;2281;1214;283;655
596;fail;1289;79;2888;404;1150;1002
597;fail;375;695;407;683;467;3844
598;fail;1400;529;319;164;274;649
599;fail;482;684;367;222;66;1997
600;fail;339;429;741;343;1684;371
601;fail;324;206;268;173;175;443
602;fail;4076;388;811;1919;821;1202
603;fail;308;1740;464;542;149;541
604;fail;1544;258;1882;462;886;1855
605;fail;278;429;507;343;142;295
606;fail;791;2267;1643;1234;1387;5897
607;fail;1150;551;479;517;204;265
608;fail;836;1307;773;774;855;564
609;fail;2259;150;2023;272;539;308
610;fail;2009;2176;727;2671;1368;286
611;fail;1741;658;248;217;195;757
612;fail;213;1552;1668;1156;1820;424
613;fail;1005;1231;503;517;1077;79
614;fail;1071;2051;988;439;60;518
615;fail;564;319;709;579;113;3198
616;fail;2873;1458;190;110;219;487
617;fail;236;203;212;484;127;91
618;fail;591;1401;1146;205;196;2038
619;fail;695;228;167;374;284;804
620;fail;439;302;1047;253;209;351
621;fail;282;1104;171;586;393;130
622;fail;488;234;724;125;518;1720
623;fail;1076;324;711;186;115;146
624;fail;585;1311;869;997;235;1264
625;fail;483;289;457;609;1096;1557
626;fail;1263;333;598;2602;1043;627
627;fail;2946;476;103;1348;1206;2012
628;fail;1634;579;559;1491;760;350
629;fail;5754;1280;833;962;347;288
630;fail;3359;145;1026;317;400;3678
631;fail;1918;384;954;503;910;5628
632;fail;1310;233;1038;485;1262;577
633;fail;996;941;187;233;1493;796
634;fail;1580;1467;526;2079;664;953
635;fail;369;979;298;586;299;1188
636;fail;648;1996;370;705;417;883
637;fail;1107;1944;567;216;3084;1629
638;fail;541;596;204;110;209;256
639;fail;545;354;461;897;151;3478
640;fail;551;661;280;475;1067;623
641;fail;539;682;647;1300;1261;4068
642;fail;1654;722;488;90;285;2112
643;fail;2064;185;1207;2164;755;786
644;fail;1383;1029;519;249;549;2462
645;fail;965;576;1498;165;172;348
646;fail;751;1037;479;656;302;809
647;fail;352;1543;552;243;206;922
648;fail;655;446;200;1205;1021;424
649;fail;952;1283;431;235;524;456
650;fail;858;248;680;407;1322;299
651;fail;344;695;295;366;679;176
652;fail;1457;1724;403;443;1322;1734
653;fail;491;975;919;578;975;248
654;fail;586;307;1433;342;155;4542
655;fail;126;908;774;809;252;1939
656;fail;1482;465;594;740;714;1850
657;fail;1074;617;383;232;266;217
658;fail;146;3279;493;362;260;1696
659;fail;1419;135;349;487;389;5585
660;fail;749;1788;95;249;868;1044
661;fail;816;5222;421;2399;140;540
662;fail;918;537;1203;113;355;481
663;fail;3602;1394;215;460;287;91
664;fail;457;207;222;706;241;402
665;fail;645;416;264;154;238;1682
666;fail;1030;3817;975;1725;833;4256
667;fail;733;482;733;216;940;1033
668;fail;642;369;481;936;926;1000
669;fail;1614;1127;329;610;633;338
670;fail;322;1731;372;263;842;1544
671;fail;97;324;95;237;153;816
672;fail;255;1820;369;389;606;1838
673;fail;409;281;780;114;587;330
674;fail;729;731;332;187;353;239
675;fail;1310;1515;311;723;2079;716
676;fail;3964;599;250;1451;199;2395
677;fail;282;902;523;170;408;1474
678;fail;504;734;331;273;113;2240
679;fail;2397;793;1946;105;243;5387
680;fail;631;74;1173;150;90;2021
681;fail;1758;657;613;197;499;1010
682;fail;584;521;276;500;428;405
683;fail;1332;267;309;828;620;389
684;fail;1360;231;611;593;146;920
685;fail;1708;386;1468;683;806;2755
686;fail;367;551;244;70;152;478
687;fail;382;1704;429;161;631;153
688;fail;424;553;269;315;535;190
689;fail;1437;1828;263;574;608;624
690;fail;484;208;299;155;1052;4029
691;fail;149;139;329;437;159;51
692;fail;650;1449;249;445;965;740
693;fail;3674;1172;327;551;490;269
694;fail;867;630;178;669;122;883
695;fail;849;345;377;181;205;147
696;fail;1152;187;393;2074;201;402
697;fail;859;522;619;387;697;91
698;fail;1747;1065;3718;1188;288;5752
699;fail;685;337;62;656;506;1471
700;fail;253;126;1370;198;295;3242
701;fail;42;678;334;1446;682;1606
702;fail;248;1475;190;252;1235;525
703;fail;322;569;370;1253;618;714
704;fail;503;155;759;567;234;1090
705;fail;518;1312;488;860;1592;396
706;fail;368;263;1886;1612;112;4322
707;fail;810;711;1182;224;948;1261
708;fail;335;611;142;644;707;410
709;fail;660;340;313;83;497;111
710;fail;1007;884;373;534;367;409
711;fail;3112;369;222;348;487;1827
712;fail;102;1026;474;1254;129;687
713;fail;852;382;335;276;746;700
714;fail;782;2191;742;247;373;4612
715;fail;699;811;807;216;552;1586
716;fail;367;266;498;306;190;1098
717;fail;206;256;194;1300;227;386
718;fail;492;1968;548;897;125;4238
719;fail;1841;693;699;507;322;3868
720;fail;2049;1469;789;308;627;1884
721;fail;226;374;689;2446;209;7801
722;fail;1608;260;206;105;273;860
723;fail;443;1355;274;500;286;1246
724;fail;2294;346;477;223;831;232
725;fail;434;29;356;2646;408;95
726;fail;950;85;559;2220;285;363
727;fail;1371;236;1261;324;398;510
728;fail;622;403;573;75;437;370
729;fail;1677;418;569;378;255;2924
730;fail;486;1535;516;979;639;680
731;fail;1191;2270;291;647;235;946
732;fail;941;283;168;321;1095;128
733;fail;1071;894;386;384;873;1430
734;fail;1157;329;121;1043;966;4450
735;fail;1132;938;440;2030;688;4073
736;fail;963;609;1068;1175;669;5154
737;fail;847;119;1069;322;242;256
738;fail;2739;207;439;191;273;1178
739;fail;364;522;79;578;393;880
740;fail;379;295;194;724;262;1135
741;fail;1191;1051;635;1504;180;887
742;fail;563;300;290;152;618;670
743;fail;616;314;381;745;729;273
744;fail;630;1604;449;374;931;1232
745;fail;422;939;445;2582;372;678
746;fail;1052;946;618;255;1267;4389
747;fail;256;1346;333;945;353;954
748;fail;1432;190;1617;597;481;5951
749;fail;636;1104;355;380;284;873
750;fail;1082;600;1691;255;856;3771
751;fail;1690;489;620;156;780;401
752;fail;813;1657;340;366;830;4533
753;fail;1012;204;1856;443;240;1712
754;fail;1161;737;314;121;1096;534
755;fail;727;824;874;527;234;918
756;fail;109;3122;630;184;659;590
757;fail;627;429;439;390;290;462
758;fail;603;240;275;369;1656;478
759;fail;599;496;517;325;378;1029
760;fail;796;1996;1362;1208;1994;5950
761;fail;918;408;530;988;780;1297
762;fail;421;623;339;290;199;1497
763;fail;603;259;407;173;116;136
764;fail;2118;307;787;483;796;438
765;fail;482;313;719;318;267;458
766;fail;472;375;661;160;788;321
767;fail;343;746;677;323;1583;5914
768;fail;204;398;486;2218;878;277
769;fail;1054;373;308;116;407;409
770;fail;176;241;1373;494;59;332
771;fail;1167;654;915;1499;1153;4322
772;fail;3366;644;1106;323;226;666
773;fail;1703;500;1940;297;1136;1018
774;fail;729;920;557;1896;2159;145
775;fail;409;559;762;55;191;184
776;fail;1170;231;203;391;380;119
777;fail;743;900;351;535;1798;4064
778;fail;1097;717;248;344;233;2743
779;fail;1004;1134;404;556;650;248
780;fail;3347;123;320;197;168;7084
781;fail;2092;3291;766;294;772;510
782;fail;1119;364;876;992;94;660
783;fail;293;344;271;570;1307;822
784;51;2115;624;1102;1579;1025;711
785;fail;2087;1366;513;479;312;1667
786;fail;2226;1395;461;2404;1290;535
787;fail;176;414;848;554;777;826
788;fail;2266;369;284;452;430;414
789;fail;559;2793;1016;730;298;186
790;fail;2015;212;211;542;975;1716
791;fail;3087;84;1069;258;176;305
792;fail;1590;734;164;946;434;520
793;fail;743;814;237;219;256;2132
794;fail;1641;359;393;1172;297;2259
795;fail;1362;225;230;111;176;1596
796;fail;588;188;547;120;2007;2010
797;fail;943;1257;190;636;516;989
798;fail;1917;1661;654;801;911;148
799;fail;1683;1158;516;1227;1082;2357
800;fail;936;715;212;1132;1530;1114
801;fail;552;2038;465;1583;643;250
802;fail;1442;406;1462;481;1246;4005
803;fail;991;1456;1401;1462;458;2150
804;fail;930;633;366;399;266;867
805;fail;772;621;386;170;719;815
806;fail;971;234;204;877;109;247
807;fail;1475;1150;1483;125;463;1057
808;fail;1864;247;216;1893;386;2104
809;fail;1471;1442;625;895;195;551
810;fail;508;183;215;185;1093;151
811;fail;130;365;1122;195;122;1646
812;fail;2581;934;613;191;293;1141
813;fail;657;731;561;85;369;109
814;fail;1153;1724;373;192;197;2602
815;fail;976;299;288;272;397;2693
816;fail;1061;492;1301;164;281;1034
817;fail;769;355;531;407;265;2330
818;fail;3354;991;235;835;1902;1898
819;fail;1971;727;330;353;159;3285
820;fail;1981;193;315;962;403;6334
821;fail;406;674;366;837;141;4180
822;fail;1236;582;292;732;1448;3825
823;fail;1861;720;651;898;253;579
824;fail;764;958;417;1387;74;678
825;fail;372;887;156;351;348;861
826;fail;2109;116;452;268;2044;906
827;fail;554;1269;698;506;885;1738
828;fail;1841;1069;2029;287;473;5532
829;fail;2331;317;938;166;710;126
830;fail;1593;339;406;121;306;695
831;fail;1103;90;2025;244;196;1679
832;fail;467;1145;420;807;207;304
833;fail;3302;482;100;847;231;680
834;fail;1030;166;1241;223;546;118
835;fail;1002;508;545;412;235;172
836;fail;3077;224;335;288;907;273
837;fail;1527;576;1532;1440;630;1215
838;fail;1077;1026;1139;376;1073;276
839;fail;1276;287;118;228;1387;208
840;fail;242;531;793;1312;499;662
841;fail;781;94;180;1162;3719;2244
842;fail;777;516;110;58;348;122
843;fail;805;253;293;375;285;7861
844;fail;496;809;2008;433;1472;548
845;fail;1335;247;601;318;1077;1282
846;fail;1906;661;126;178;492;270
847;fail;297;288;828;605;341;3666
848;fail;266;572;623;268;292;60
849;fail;2406;659;419;497;548;1223
850;fail;1703;299;127;317;2417;3297
851;fail;394;588;156;259;1456;4246
852;fail;816;501;865;1660;1214;2093
853;fail;286;784;271;787;205;1090
854;fail;192;1156;331;1508;615;455
855;fail;785;291;335;1462;1692;1538
856;fail;271;620;152;860;1150;3397
857;fail;1953;690;868;252;725;232
858;fail;484;1330;294;515;612;1080
859;fail;1602;1521;225;3524;305;4621
860;fail;381;1063;439;1524;85;1612
861;fail;2354;376;516;541;100;1293
862;fail;4336;2637;340;557;497;661
863;fail;906;1091;704;1196;525;3582
864;fail;904;1342;452;772;661;47
865;fail;922;897;472;253;362;334
866;fail;1389;845;225;583;353;632
867;fail;470;1371;342;1802;185;1461
868;fail;1147;277;1084;412;731;2301
869;fail;1574;3991;545;501;714;292
870;fail;1552;951;989;820;980;1783
871;fail;516;538;163;205;157;2039
872;fail;749;832;636;141;1332;932
873;fail;304;400;3462;285;498;373
874;fail;612;880;632;374;110;2188
875;fail;303;364;59;290;841;566
876;fail;410;254;146;2423;1882;4570
877;fail;2946;930;1158;2176;248;612
878;fail;1347;248;791;228;1072;290
879;fail;3743;1353;463;890;1450;596
880;fail;650;579;628;392;448;307
881;fail;517;418;953;208;400;177
882;fail;460;177;507;837;537;982
883;fail;337;1402;2133;270;855;1228
884;fail;1414;697;3486;299;334;1563
885;fail;1419;1608;1545;373;717;2533
886;fail;692;380;496;666;79;847
887;fail;424;2008;961;489;723;983
888;fail;200;337;302;1307;1954;2299
889;fail;1413;728;1155;1111;857;2568
890;fail;369;583;1439;650;265;1299
891;fail;1004;195;363;261;2115;464
892;fail;769;1242;445;210;452;3706
893;fail;933;1251;1356;476;835;999
894;fail;539;790;282;211;159;279
895;fail;502;706;94;315;177;480
896;fail;1029;242;233;465;206;1704
897;fail;2458;123;1184;266;599;2829
898;fail;1366;1909;777;823;170;5161
899;fail;1575;949;558;835;225;1456
900;fail;3301;1651;1502;871;745;4397
901;fail;867;629;415;242;202;1176
902;fail;1533;1373;406;671;1214;1441
903;fail;459;710;99;1621;1849;7100
904;fail;1616;1041;884;543;202;194
905;fail;1452;169;538;1299;206;147
906;fail;2458;1357;421;395;336;592
907;fail;434;611;1773;1024;360;933
908;fail;3263;43;1340;585;356;566
909;fail;1767;263;500;426;2051;211
910;fail;1478;288;791;617;891;1123
911;fail;542;314;160;560;804;538
912;fail;1593;881;258;940;345;1565
913;fail;270;1492;272;483;398;1255
914;fail;211;1374;1492;1522;1085;3090
915;fail;1681;498;511;312;432;694
916;fail;247;1775;812;615;425;1004
917;fail;471;319;255;685;295;351
918;fail;1153;322;279;199;559;604
919;fail;724;333;497;460;435;4638
920;fail;4044;1357;1200;325;763;573
921;fail;479;471;570;388;301;4666
922;fail;567;865;323;131;385;3630
923;fail;1234;1844;687;768;159;554
924;fail;287;657;193;123;355;550
925;fail;1089;604;677;181;894;1106
926;fail;518;233;1698;2722;1178;675
927;fail;1123;342;445;207;215;797
928;fail;872;562;388;3374;11;80
929;fail;434;1302;2272;408;827;1695
930;fail;1076;4131;256;490;861;272
931;fail;389;454;901;924;818;1645
932;fail;389;1221;179;1627;807;513
933;fail;331;1017;584;246;382;731
934;fail;688;845;326;1654;195;3105
935;fail;696;150;320;401;987;819
936;fail;1637;520;300;746;1256;4173
937;fail;999;236;652;279;180;922
938;fail;996;288;273;372;1018;1947
939;fail;1346;184;583;284;757;599
940;fail;472;400;663;816;400;2598
941;fail;306;976;529;1952;126;487
942;fail;1178;360;1054;699;705;9401
943;fail;287;539;667;3608;1688;896
944;fail;388;185;920;9;1382;2722
945;fail;605;419;108;244;675;3815
946;fail;1124;469;204;111;1473;649
947;fail;2023;465;168;751;648;5505
948;fail;379;55;714;818;219;200
949;fail;581;1315;540;806;1095;366
950;fail;771;477;872;1080;2632;46
951;fail;1335;463;313;586;294;269
952;fail;154;647;137;114;357;567
953;fail;552;526;449;212;542;172
954;fail;207;2046;1394;406;1680;1528
955;fail;1458;568;2044;1230;1044;8013
956;fail;571;476;470;605;555;3367
957;fail;729;710;514;305;596;3848
958;fail;4144;370;639;98;1879;884
959;fail;410;267;1220;147;2070;559
960;fail;861;829;471;671;539;585
961;fail;985;521;814;90;1145;2172
962;fail;155;394;178;442;1443;1022
963;fail;854;600;1224;974;164;453
964;fail;752;1092;451;428;364;1233
965;fail;547;3376;289;550;713;6861
966;fail;1145;1505;1216;343;123;294
967;fail;2286;875;794;632;518;215
968;fail;405;943;1961;1116;2346;1669
969;fail;981;525;2667;127;83;133
970;fail;1240;2743;113;134;626;3375
971;fail;375;489;825;229;546;154
972;fail;2545;1593;152;315;664;4543
973;fail;906;225;1161;398;1923;3434
974;fail;1192;146;151;420;148;5376
975;fail;216;279;883;642;624;914
976;fail;2773;877;1452;595;1622;163
977;fail;304;286;1646;325;1587;2145
978;fail;174;232;228;800;128;3901
979;fail;114;267;268;1338;2113;1814
980;fail;854;82;526;552;438;905
981;fail;3141;1484;471;88;785;140
982;fail;676;278;277;125;193;991
983;fail;616;877;825;86;192;219
984;fail;637;277;255;154;187;1493
985;fail;975;197;199;664;1303;154
986;fail;651;1851;1424;250;207;1063
987;fail;516;259;1586;498;672;173
988;fail;428;245;619;178;641;1965
989;fail;637;554;815;510;628;499
990;fail;983;258;1046;101;235;1504
991;fail;457;1460;248;825;151;1675
992;fail;1859;166;361;342;304;2355
993;fail;1415;295;307;854;1202;3181
994;fail;1129;370;232;1509;1367;936
995;fail;272;612;938;135;440;596
996;fail;470;1485;553;691;376;883
997;fail;863;712;557;224;349;414
998;fail;268;1250;320;2089;84;334
999;fail;937;555;539;2220;831;737