0;2978;7774;361;5409;120;2875;5084;4472;797
1;fail;5696;511;507;1117;78;6945;1537;1835
2;fail;3629;22;540;5354;4766;894;8040;2688
3;fail;15640;2756;9336;9349;5333;7143;20120;10715
4;fail;68095;2003;300;7995;1286;6192;1356;6568
5;1509;fail;6759;1859;1729;8167;218;40309;1770
6;966;2746;3549;1476;4166;1774;4292;8460;6761
7;fail;16822;638;6336;3106;805;150;16740;29884
8;412;176;3025;2124;8972;18863;455;1903;17195
9;3387;176;7092;1085;98;1306;312;42079;126
10;fail;4036;2743;8144;20246;840;17906;10153;5246
11;213;24359;2278;25827;7467;364;6855;779;1108
12;fail;1201;27149;34022;7893;14315;7072;18230;8935
13;fail;1472;2585;1583;497;1260;3470;9774;7010
14;331;425;193;61;961;2214;4959;6724;23232
15;3381;2997;2117;17989;4449;11506;8731;2719;3601
16;121;1199;2367;9893;1827;2117;6159;252;25725
17;885;37563;5867;1883;7012;714;2686;1460;13393
18;1985;1107;870;8043;66;4302;8642;11201;12285
19;fail;32545;3332;693;3534;2335;6324;fail;7002
20;fail;9075;1766;2740;1034;141;2352;8564;55031
21;282;28429;6365;993;495;4708;3002;10478;1192
22;793;156;9479;1265;10469;1357;6622;8175;5752
23;3623;2103;2134;2435;4438;4219;1419;6789;11409
24;fail;5483;1704;1717;5452;3142;2126;2765;33653
25;355;376;1624;722;2117;4034;7218;38268;4533
26;1859;29560;1005;927;866;4448;4135;3020;4757
27;95;9919;4480;1139;10152;961;1822;6940;5293
28;1079;3718;2042;1129;9948;1439;1779;2043;13679
29;1175;458;1295;633;1057;487;8299;460;9615
30;2204;669;5703;2363;60426;8095;1459;5869;32284
31;5011;12525;3377;1107;252;252;1499;9660;3905
32;443;50775;1267;772;1570;2105;2215;1487;7948
33;904;5042;5598;324;2883;5704;10194;5712;10901
34;1554;11303;3666;2134;521;15471;13434;63011;5646
35;55;132;496;671;401;3340;1063;3039;27658
36;3419;9424;3212;139;821;2480;855;7590;4306
37;1399;4276;4239;599;914;1399;5106;29924;10467
38;1466;528;9282;2878;116;1098;1168;27;7426
39;579;2037;1926;1303;333;1711;58;6425;2081
40;2834;578;15392;3686;89;8248;6291;15493;8222
41;56;45190;8702;13648;4933;4767;259;27713;8921
42;1105;371;1613;235;652;1092;2576;22135;6335
43;fail;750;2093;9691;1515;3389;5237;13398;17593
44;387;1769;303;2592;1528;691;561;5063;8652
45;79;781;464;1099;472;2098;1230;3511;2308
46;188;3218;118;273;91;1766;1085;18962;7289
47;2522;4759;5106;3605;1461;52;491;10039;19968
48;246;8010;867;8446;407;1998;73;10630;3146
49;fail;9175;17909;32177;2743;8450;14490;959;16911
50;32;632;1215;8003;891;9014;6192;18711;3424
51;1575;1821;454;321;955;13418;928;22984;2015
52;fail;6436;2073;1348;1187;2477;4271;2288;36548
53;fail;684;525;943;5882;1749;7681;10388;8322
54;fail;4939;10103;3673;767;1011;11239;3216;3599
55;500;fail;32048;15594;6914;2942;897;1848;10526
56;2105;1362;4060;343;2563;398;859;12616;25647
57;fail;18354;22267;927;2645;3821;1208;1118;4100
58;fail;256;781;1046;2925;1803;4390;25928;5322
59;fail;760;3419;598;64;4935;94;25884;39845
60;784;530;775;547;1188;652;97;30699;313
61;fail;340;119;176;919;3995;10070;277;39080
62;fail;2062;1919;6845;17897;9184;8842;24623;15358
63;fail;3044;971;3105;13697;7070;121;1632;38365
64;3066;432;2766;10837;1246;1345;6641;8211;21116
65;646;16383;10386;4114;1850;994;34;10489;4662
66;fail;187;10091;6018;1464;2734;11603;6862;10750
67;fail;8127;67;6523;307;2147;7870;12036;4795
68;376;66845;8036;1897;1991;8656;25552;4895;36520
69;fail;2034;6541;1902;3846;2585;6408;12435;4958
70;433;3201;3243;2177;4442;12116;637;4309;18828
71;1048;777;7476;2643;1661;940;736;3580;9979
72;fail;28975;10732;15518;1890;9430;3732;3519;2161
73;fail;20957;16530;4192;4312;3020;7666;5010;7557
74;183;12023;343;1533;1038;1197;3398;8300;172
75;fail;5226;3037;2573;975;3724;21533;16937;1128
76;fail;16326;1318;2531;6821;1355;3823;12390;4990
77;1468;fail;1596;18686;1698;842;9004;66241;1185
78;1156;547;33;2934;180;1360;3622;2032;1675
79;930;636;17838;3932;499;704;4214;2090;47940
80;134;105;155;6971;16267;189;699;12046;12721
81;1032;399;77;129;324;11850;9944;18062;11195
82;596;345;1077;660;1135;5891;539;6528;1160
83;86;2720;981;852;2196;1780;2681;267;1107
84;fail;1661;38217;1449;6147;1309;311;5799;12438
85;fail;955;1284;1518;3051;2578;4880;5921;9448
86;1007;2273;3795;507;1286;1797;3054;14595;5026
87;175;6749;696;1143;6648;158;6472;4731;1520
88;fail;2700;1928;1614;1085;4799;3718;2820;3251
89;120;1421;2002;1068;603;3774;15800;11856;354
90;1084;524;11645;11528;219;4793;4039;1230;4317
91;492;5479;1443;201;1127;1483;18196;2762;7543
92;141;125;202;970;2871;973;1301;1356;2721
93;659;744;176;728;4415;564;5277;18930;12287
94;239;1157;877;3301;3256;469;225;5094;45143
95;682;796;6478;603;214;3040;747;10390;33909
96;1010;3915;36668;76;85;2957;4315;24465;7873
97;1736;1680;1520;716;2408;796;479;18969;4095
98;fail;5807;3094;2914;1758;410;1766;24512;40381
99;1770;1380;2196;3818;4067;11545;8896;1538;11190
100;fail;240;5739;2924;1232;4337;1205;354;27077
101;252;26854;359;2057;7752;9752;1916;8143;37016
102;420;9297;5912;1384;1973;782;8847;5983;9746
103;fail;2608;2603;294;440;4920;613;12252;2790
104;2939;5864;17914;1342;2234;135;1399;9305;1979
105;fail;2215;199;2493;1637;5198;215;1990;60677
106;88;899;482;1160;1128;7889;6949;13698;4960
107;fail;2429;8639;1757;1121;1428;995;6973;26448
108;fail;7344;5792;6823;1662;4690;4424;2275;6407
109;1786;7176;5467;8696;1006;6927;120;311;957
110;fail;4432;966;6910;11707;3805;504;459;5009
111;fail;15120;1906;5307;1247;747;1045;1437;16785
112;fail;9241;27952;2612;963;53;2750;9653;8929
113;320;188;303;3051;2039;7214;4516;6295;11200
114;fail;3545;6104;1703;1859;2075;11605;5143;9268
115;177;1178;1310;2521;9572;4993;1901;4308;3808
116;599;21231;586;719;22071;162;2780;475;33461
117;549;4800;25331;1044;4143;1112;1759;17896;14201
118;2717;635;11609;204;969;4335;5748;4689;4041
119;1723;977;588;438;2315;849;7457;9503;1092
120;1925;4048;873;518;4374;30;2534;1242;5871
121;148;3441;1818;379;10086;612;799;32377;2455
122;250;16341;3533;453;4932;1688;26832;37183;3651
123;229;194;3293;1323;1925;51;27;6792;26993
124;fail;2152;9057;136;2747;2962;15233;6060;49858
125;321;2407;3864;896;63;2677;2889;5875;11977
126;799;522;2656;49;2282;763;6065;fail;5785
127;784;1644;546;241;1165;1042;1433;13404;3107
128;2525;6266;574;24088;5430;137;3143;5938;1318
129;230;11239;1632;1145;5615;2653;3801;572;14463
130;fail;429;1030;2023;2739;365;918;4908;1865
131;638;3592;1107;564;5154;284;12302;23613;fail
132;fail;962;361;5116;3205;66;1668;10606;548
133;682;1277;159;7632;25;5480;441;12055;5503
134;fail;874;3655;774;1520;631;4681;2512;1008
135;105;24058;2568;283;4129;6873;2775;1384;14829
136;1227;1233;1676;3565;1081;2631;4409;16634;5182
137;fail;2714;2764;1624;3835;6782;165;1353;5140
138;fail;12210;9229;1928;4253;8117;7978;15553;54571
139;590;5732;138;981;305;486;719;4003;42682
140;fail;6042;13512;2401;1491;4780;620;7261;11858
141;fail;20148;5452;10432;1351;8611;12829;12385;16861
142;fail;388;1259;604;2319;4343;1464;2338;22689
143;841;4570;6835;811;2889;237;1858;19764;40983
144;fail;990;18283;584;3347;2868;2336;12602;10797
145;fail;1808;6146;1196;5089;444;5501;5819;2979
146;fail;27855;1675;3563;2526;15131;2378;1905;1346
147;1456;3238;3344;843;1716;1351;7364;35138;21227
148;278;27675;942;8867;621;349;3057;2635;30222
149;fail;774;1737;2978;2100;1344;14111;1115;16498
150;fail;26015;5761;1857;1075;3472;1763;20202;60799
151;1847;5878;197;5214;1658;638;3677;1374;4380
152;175;2464;15267;4402;4253;5475;4814;6384;4795
153;1577;252;2330;25300;1220;1758;3419;3016;13747
154;fail;1213;44974;1626;4075;3038;1193;952;18808
155;fail;11874;1167;563;3002;5525;743;13708;20006
156;2146;1052;1846;1365;206;1302;1519;13043;7703
157;fail;3883;1044;3577;913;3378;9378;19979;7155
158;fail;2276;5526;8058;40;4292;2312;18151;1967
159;fail;31215;12483;1069;3782;7258;3051;7109;4135
160;620;2807;2765;1944;4257;8186;3082;9649;2386
161;184;1238;322;124;7804;1236;2279;800;5257
162;fail;15745;1847;7043;1826;955;1460;20777;8858
163;311;13686;2400;2430;2337;7133;3272;5275;16919
164;fail;502;14432;2793;266;8040;1471;6602;1974
165;fail;495;33;513;1906;47;4847;37;21964
166;943;717;284;391;230;2185;2132;6144;45
167;fail;799;16189;4984;1325;3257;1177;16480;6364
168;fail;587;8306;3453;1820;6872;3183;3775;20049
169;1302;729;1703;14481;1899;332;93;699;9174
170;fail;14539;9198;26289;41;1066;8504;8427;39181
171;227;1707;1174;3931;1332;1600;10139;35760;9309
172;4455;227;371;3883;1859;8804;7217;9603;9073
173;fail;639;30147;1537;4667;2897;3430;24583;7713
174;101;1632;7091;788;405;2949;19740;43534;21201
175;120;8466;7379;18709;9907;2012;1142;5196;2641
176;1001;2640;304;2734;654;4337;8882;4437;4832
177;fail;688;1088;188;45;6463;8493;875;22509
178;357;190;1986;3233;986;7928;3898;22808;3275
179;1302;31893;581;6815;54;4888;481;9789;28990
180;fail;450;7587;8833;8196;1658;4913;734;26182
181;539;555;399;1338;1543;1154;7044;7236;181
182;fail;5732;3716;7558;2745;4956;317;28257;16834
183;fail;256;7901;3903;6401;1044;856;1431;16238
184;891;71;23114;367;225;1608;1598;2817;586
185;804;164;40;2813;607;3867;4498;6102;1537
186;475;528;528;1459;2369;263;4169;6718;1612
187;633;10348;836;4106;729;1314;2275;8590;6577
188;429;783;27056;30;2464;10488;5001;3466;29598
189;43;5209;9955;167;1063;2620;7786;2888;1505
190;965;97;2827;1680;1000;1905;1843;923;5071
191;1644;2381;2659;2795;3912;248;3579;20761;1824
192;fail;19708;5197;21136;4591;24841;3078;25172;2543
193;fail;2067;3887;1440;12466;4917;2358;1191;1583
194;951;3626;596;1304;1934;565;19921;6489;32
195;678;707;2872;65;826;12645;1776;13857;228
196;633;534;2433;10979;78;498;485;13106;7175
197;154;6798;7695;3379;5302;1689;1129;1416;7113
198;207;31150;4099;1191;1452;5517;2935;3032;3624
199;132;970;55;1264;445;617;996;29825;4692
200;648;745;983;41;2646;2124;289;2401;4385
201;3224;3054;16210;4022;3866;805;876;7522;44484
202;2283;28107;542;16288;931;11745;6230;7838;30016
203;fail;56333;8128;253;1928;1990;1288;1336;2489
204;73;24226;613;174;509;16721;18;fail;20589
205;932;530;2024;5159;3547;2167;16114;25328;65061
206;1779;2377;2106;224;3612;4025;7349;36953;9140
207;fail;4059;7064;3374;3118;1638;8329;25096;12738
208;531;3100;1854;1830;1447;5571;398;8502;20620
209;642;9796;3655;11467;7288;1330;146;9771;21141
210;1853;5305;3093;423;297;1883;1992;4069;6296
211;98;14804;2116;239;6616;267;2724;18810;8953
212;779;8212;989;3509;9332;1456;1489;17419;59154
213;191;2108;2747;124;296;3827;3040;5056;4299
214;608;4159;102;257;156;4137;2215;10325;12285
215;912;2705;938;3131;4041;4523;7055;370;6911
216;fail;1127;834;1108;1554;3818;924;1334;84
217;fail;238;7807;316;9248;3728;14091;3042;3049
218;fail;838;1998;226;1604;11639;2454;7102;57474
219;fail;14747;2313;1607;14928;852;743;1509;12140
220;1081;1873;1345;4633;580;460;1116;1465;3412
221;440;7417;1251;819;670;4622;5017;7124;8642
222;85;70;155;1344;34;1906;4664;31954;9832
223;253;2809;2175;453;614;2148;9571;3612;43857
224;379;106;2577;3318;2639;1467;17980;3644;30264
225;fail;1712;99;808;4729;2699;20116;798;3325
226;fail;16667;1249;937;309;2071;2962;4358;19891
227;fail;10896;2500;4654;2367;225;6541;25873;21963
228;908;1516;2643;1523;112;2618;394;3918;7391
229;303;18256;4536;1016;2542;3279;10104;3001;4874
230;fail;12205;95;419;884;3872;3698;1265;749
231;fail;944;3284;30564;8128;2627;6379;38707;6347
232;fail;1806;4095;21;5160;296;5333;21256;522
233;131;232;2589;568;4491;3165;591;31291;2686
234;791;16309;870;7598;793;5256;630;6870;27902
235;1024;1568;6310;506;10338;453;2327;3083;23678
236;120;9219;1630;7794;2712;161;16236;9564;39977
237;26;3529;3168;6551;519;2028;12722;15570;1210
238;1720;2199;1363;885;1422;2958;8616;343;11667
239;326;3459;10433;9854;3717;789;14410;2950;35686
240;8;17463;1045;1051;7377;5262;250;3047;13111
241;1699;16843;135;8463;1350;372;10316;3303;574
242;fail;fail;1678;144;5149;1999;1636;481;801
243;2935;884;453;2089;791;414;19393;69;8805
244;523;176;283;581;4134;817;522;1390;3936
245;fail;3183;8640;807;4262;3433;737;17527;5716
246;fail;2959;17006;716;2565;105;1641;7462;3370
247;fail;3912;405;2087;185;4076;5187;11432;2880
248;3870;2279;797;864;355;251;807;4332;6302
249;fail;115;189;124;34207;12290;1449;16240;11119
250;fail;17093;14610;7601;11505;442;10025;2199;1427
251;167;4852;4863;4425;1670;5690;4799;2806;10534
252;fail;25276;2287;341;4718;1050;71;11356;12346
253;fail;13726;3097;110;12519;208;1650;31295;14947
254;fail;4299;3532;79;260;2619;9613;10930;14141
255;3344;513;11587;556;1044;2097;2440;7852;595
256;fail;7637;10605;383;1654;1457;4491;11570;fail
257;94;10415;10879;1106;150;1310;5155;12315;3882
258;202;3563;1885;1685;4125;7010;5637;7179;25452
259;fail;13519;504;335;19218;1825;389;683;17432
260;342;4648;5561;49;1424;11127;1226;3739;8797
261;fail;417;10319;1185;183;251;1653;1058;1738
262;1874;161;3206;270;1163;1310;1825;1028;1051
263;480;1357;2567;697;307;145;595;6957;20039
264;fail;948;468;6208;1642;4043;2590;749;415
265;fail;4406;636;1824;377;522;6034;14534;7965
266;fail;1989;1530;2893;10764;359;11768;777;14467
267;fail;1628;358;143;109;2019;162;9214;1851
268;1221;2329;4566;1851;1905;5298;1802;4962;4957
269;838;79;427;284;889;1382;825;1993;fail
270;fail;259;5016;1581;5905;4292;2966;21608;1435
271;fail;192;431;1786;1277;2163;2380;1038;1943
272;fail;3084;182;852;1780;5158;2282;2198;2865
273;837;605;10706;789;491;1481;1536;66;531
274;423;1426;202;2202;292;4625;3732;2258;3113
275;936;14095;3665;1143;469;4006;2069;372;445
276;fail;2165;3061;10763;10896;5450;10319;3059;10607
277;955;240;9381;14782;519;2592;1372;8415;22937
278;2387;15863;2602;759;163;1311;3775;11651;2966
279;fail;1973;1411;6391;2610;690;5912;18481;13150
280;196;195;4933;14328;3997;4915;5464;13860;8819
281;3607;323;1138;5317;1216;2066;2900;2548;16058
282;207;16979;315;4820;508;10151;258;15068;5133
283;fail;5311;1896;982;2041;3566;2214;16590;3146
284;fail;14453;5015;1334;1279;15476;1324;152;3366
285;1202;4189;2291;290;337;1209;3132;67;3842
286;265;24572;612;2266;13174;1498;150;3099;998
287;1000;1761;476;1629;4810;2116;8887;630;52304
288;fail;770;1692;86;1510;940;469;7955;5192
289;904;901;1181;68;58;642;275;1343;fail
290;329;5459;1165;10570;7035;662;407;30962;3040
291;2134;433;1624;820;3461;4768;836;1794;784
292;161;1307;495;8565;4905;1322;7309;2288;4647
293;262;1047;9065;8857;2401;23;4092;13866;6437
294;fail;61408;989;2800;1676;236;6333;835;12386
295;fail;819;1367;3376;513;3583;1985;1261;24977
296;fail;2175;15750;821;5573;662;8327;45304;29849
297;fail;3299;1483;412;2279;987;1116;11505;fail
298;1527;517;1573;524;1172;1454;1054;12431;4020
299;52;1037;157;972;1236;3879;1575;2424;9623
300;fail;1064;318;771;375;354;4176;718;36994
301;4766;369;461;1469;1541;2885;678;44991;2411
302;670;204;4314;632;539;836;855;5899;769
303;1263;4473;967;428;2345;4999;2586;4466;15970
304;fail;17260;1089;2738;2142;17752;13624;9389;7036
305;fail;899;2754;13647;979;7381;6419;1668;5744
306;527;899;117;4882;862;548;6073;714;13304
307;139;2334;4800;1849;4727;6252;1690;17749;5559
308;1398;777;895;1758;50;2866;3951;13472;1533
309;1492;1404;5093;3587;676;4897;2873;747;34804
310;fail;4453;24644;11425;4960;6396;2202;17739;27951
311;fail;5265;1359;912;2674;3092;70;21529;9904
312;152;3120;497;2484;2606;4651;4907;6543;42488
313;fail;21162;997;1487;11389;16409;25586;10637;1868
314;1987;2393;2914;2280;4222;5693;4326;11111;51302
315;3061;8180;714;21613;634;255;195;926;14423
316;fail;921;801;479;392;11754;12167;5737;17553
317;fail;2949;1451;1323;5202;70;218;4576;32906
318;fail;2187;18;760;632;12173;7327;7064;13692
319;fail;794;7483;114;4805;1203;3125;3831;20868
320;536;2400;1574;17803;1162;788;1357;3802;5002
321;3155;2477;2368;553;666;819;10597;2427;978
322;fail;52894;16175;10476;548;917;2312;2504;4758
323;1305;21788;1825;3591;3904;334;2712;1214;17106
324;895;296;229;202;4193;1276;1787;31856;9968
325;fail;2012;2009;15198;1378;6727;1327;22856;6779
326;1352;734;1180;427;1117;2086;3618;22123;36900
327;fail;2636;2896;385;7924;6771;2157;1952;8821
328;1239;5517;189;1611;1554;536;1457;7226;11505
329;3077;22236;112;435;37;6154;228;12546;56577
330;fail;7047;18159;814;4264;8874;24240;11459;3176
331;1509;1847;1671;373;2756;7045;45;13697;11728
332;445;109;6657;644;6817;1060;1186;526;19972
333;549;6468;175;3417;2523;5944;4940;27861;307
334;647;399;2340;1015;4453;1971;981;1946;6148
335;781;400;200;3701;1357;4221;14575;12166;14
336;fail;29251;108;1483;64;3056;5755;10477;fail
337;374;246;1440;619;816;942;352;952;5962
338;1491;396;690;697;3042;2270;1591;50;38648
339;fail;927;1205;794;132;6528;4251;1506;14479
340;fail;1495;373;2278;784;853;2409;16522;13417
341;311;993;456;1118;1471;813;14147;3468;3982
342;1864;3367;2737;9113;7121;1116;163;24306;3666
343;870;22046;3249;18172;435;2329;6342;44371;19787
344;fail;13480;660;5967;664;7780;821;12107;13121
345;104;14077;1540;179;1728;6359;4580;5304;15138
346;1121;5212;7327;534;3240;12103;4023;4755;17133
347;2074;3469;1058;759;10603;3614;17405;32914;11225
348;292;7036;10955;3091;647;6733;67;5583;342
349;359;1674;150;136;1540;8606;194;1126;12830
350;867;34038;155;2120;76;795;1223;2138;412
351;146;8145;1247;530;8089;185;1784;896;2512
352;40;2179;1667;1299;1400;1649;1403;74;12455
353;fail;1690;3960;655;125;15845;1041;8030;6747
354;fail;848;591;871;1034;2992;165;12396;55590
355;167;1049;1578;96;905;439;5174;15084;2163
356;450;8287;3343;637;1515;5774;2485;9430;6781
357;2927;1126;18096;1185;15679;2315;1760;4422;27343
358;fail;1665;23095;1144;9402;7444;1676;5921;858
359;fail;15365;353;11058;6227;1889;16954;7029;8137
360;fail;963;387;4264;538;2153;98;2282;52698
361;fail;113;1647;2101;2473;1906;3831;15754;3235
362;1835;9782;365;295;80;3144;5244;4216;7846
363;fail;2183;287;1202;2296;8622;5806;2544;725
364;695;17324;8642;6016;1226;851;5561;7072;6103
365;fail;40764;9259;13099;341;9839;4268;6524;10504
366;303;1097;2412;574;276;4028;1907;14867;2198
367;fail;2982;8627;4350;2931;1045;12152;8171;13322
368;fail;3170;11211;4293;32121;1522;4492;15984;872
369;1885;1188;3576;229;8173;1553;1789;50622;11193
370;639;2126;1670;932;1416;2315;490;17991;2208
371;2496;5627;6006;2191;717;1478;990;4001;8174
372;fail;12305;1990;4378;13371;74;4712;915;fail
373;1065;34484;8978;534;2000;2792;11316;2124;6884
374;2302;9390;1738;15047;5094;8224;10234;1560;4197
375;958;315;4158;155;11993;4889;4274;2411;4280
376;404;5186;17063;8584;2470;1730;23517;4028;4885
377;fail;3498;568;8501;2485;795;1752;5274;201
378;fail;4355;1955;7845;3862;5325;40273;17768;14417
379;1688;3889;2784;541;4385;6308;11215;16815;57537
380;105;35622;4025;22894;6541;119;3368;13049;3278
381;fail;507;2310;1588;415;1128;6000;4159;30690
382;fail;1931;2522;3867;241;241;4853;436;24357
383;4099;1497;881;452;682;4820;3946;5176;115
384;125;8835;2985;845;3405;544;684;1750;41830
385;456;51138;1088;1802;3572;244;784;14129;1835
386;fail;8190;2016;11127;4396;5800;5277;2923;741
387;870;814;15115;1298;1511;5947;597;6652;24709
388;fail;11031;14116;1237;2081;965;2860;19677;4855
389;fail;13413;9742;508;3302;9385;2348;16586;9444
390;75;3821;248;927;1263;2059;70;676;23042
391;176;6063;4132;7295;1210;4913;6390;2921;10009
392;3344;3162;1345;3463;2305;372;3103;480;4491
393;452;16296;40;7005;17886;885;17150;2427;46696
394;fail;5903;281;3457;726;2955;861;124;66302
395;1170;6383;45070;6500;1170;2371;436;1044;12915
396;fail;298;2155;2215;3098;12441;5033;12391;6742
397;fail;1249;2150;470;2795;52;12898;1365;5306
398;fail;4623;1463;163;4698;3440;4634;8730;8795
399;1148;529;320;1176;991;573;714;14662;2625
400;859;2893;242;786;2766;1038;3546;1092;11428
401;fail;21843;1455;703;2718;3769;4506;8243;9505
402;971;2355;270;6277;885;1305;6419;1145;9630
403;2884;2640;3609;6961;2427;1057;19965;25399;667
404;fail;2252;42460;67;3692;3974;1121;1033;11174
405;fail;1162;689;9376;12471;2366;18051;1991;6892
406;655;4658;623;1724;3312;6267;2577;7922;6018
407;fail;194;328;1745;91;1113;18378;2545;3100
408;fail;9147;14197;12640;9203;5608;1674;3829;5900
409;fail;1095;6722;2235;13458;3513;3654;4231;7905
410;1023;25534;688;1498;2320;5650;9972;1970;25641
411;1433;481;1818;14036;217;2631;1126;3040;11680
412;fail;1128;966;5412;1992;461;1086;4910;2774
413;fail;5789;7136;3955;213;5893;149;3738;3521
414;535;1213;618;211;155;377;5123;5828;27787
415;99;2691;3301;656;811;586;7776;8833;11459
416;820;125;5950;421;1601;11306;357;7595;1340
417;fail;209;997;7522;680;3141;593;17835;235
418;889;539;2630;918;198;3188;6110;1139;7604
419;141;863;898;801;190;1482;1904;8425;219
420;715;2135;1732;1920;3569;2903;3538;8332;1277
421;381;3677;2045;22974;1616;6201;4700;856;4651
422;fail;20969;5036;2341;1271;1923;1258;14825;2135
423;261;749;255;567;131;1043;3640;2724;5656
424;fail;5858;5332;5099;3758;9573;4859;4081;19767
425;fail;1047;5833;1179;3292;5783;38061;15619;1943
426;110;34641;28485;159;238;655;9713;14326;5116
427;678;816;3826;2186;3313;3204;4096;11219;24532
428;fail;217;1143;6176;141;5980;2425;2741;fail
429;fail;7777;15244;4180;957;1559;74;17309;1874
430;fail;528;10208;906;1275;399;6499;9393;33150
431;fail;353;4552;612;1311;460;9478;13961;11071
432;fail;1078;1714;161;2777;4398;456;2593;2251
433;fail;235;5309;2611;9398;1387;9650;11679;15730
434;875;1529;2121;4142;698;2788;13730;15664;1448
435;276;1093;474;6752;1710;160;725;5942;2129
436;fail;322;1838;1240;508;1202;1887;2843;18907
437;fail;7757;7447;10135;4479;8758;5067;221;17016
438;1176;1097;7537;65;1986;351;7301;2992;3948
439;763;1197;406;1684;801;11316;907;3635;17504
440;922;1486;11635;723;4063;2842;2157;1096;353
441;1267;527;2283;4085;842;917;8912;2599;6425
442;fail;3663;4655;16638;117;3196;4366;3719;23888
443;3070;2740;4275;19512;361;2550;1171;7830;2312
444;fail;23909;2301;945;733;1292;3123;906;13543
445;1409;6718;7361;12;2449;3210;3811;24240;8432
446;3279;2103;857;1574;185;819;3919;51603;8044
447;fail;24360;13283;3786;7179;1023;2476;1404;1138
448;fail;3973;4674;5206;816;26;1326;48108;8687
449;974;333;803;890;22424;2145;6228;4943;1498
450;1001;7662;85;342;628;252;951;1698;2546
451;fail;21900;246;8989;404;4924;23982;4873;5445
452;fail;4453;6695;1142;5634;626;578;6787;1349
453;fail;1377;4272;4330;2641;369;4436;35802;3683
454;549;735;284;266;2214;1963;4976;423;68875
455;1004;14102;6223;68;2585;3644;192;2090;30647
456;2733;1753;148;4042;2571;318;353;3451;3851
457;fail;396;210;3137;445;12791;1636;177;4076
458;1393;2031;451;491;226;998;11394;2618;30644
459;265;313;1628;11354;1826;6287;1006;6832;8226
460;383;1216;302;703;5288;300;1837;21967;11228
461;631;1455;3034;943;6472;6476;2195;19119;5700
462;fail;19026;209;2905;506;2216;1457;5524;10009
463;955;203;3151;1102;2292;1364;906;2701;15462
464;fail;618;1428;7624;618;2643;5751;3571;36936
465;664;585;4109;380;1730;384;2403;29695;3553
466;691;1882;548;3601;14897;692;10342;2537;8892
467;878;1497;4361;1111;174;4504;1842;3715;838
468;925;1135;2235;967;11365;2541;4121;2236;667
469;fail;8438;16999;6028;876;9891;17874;5385;4433
470;909;124;10730;8087;4505;482;1306;21265;3260
471;fail;1729;3533;416;13433;20247;5791;15111;11120
472;fail;3646;493;8135;9168;4619;1864;39870;9985
473;1159;1846;763;9598;3279;48;489;892;4236
474;fail;31321;11604;968;721;406;2020;10379;10743
475;738;271;5347;2856;656;11341;29355;4536;22417
476;384;376;529;3856;307;3362;3630;502;502
477;1045;1778;2923;4748;8834;21498;385;6006;4386
478;211;3920;12581;206;2945;4297;11676;7467;68310
479;2487;6476;1276;2493;3560;6393;8769;12872;11923
480;fail;830;3296;1749;12590;688;14590;9714;37010
481;680;1495;946;5307;3186;355;9577;24627;29306
482;fail;2303;1975;490;1778;822;6600;5043;51199
483;119;1176;20497;10257;722;1395;6266;5600;21888
484;fail;110;858;9281;1028;3665;4621;17576;918
485;fail;1773;242;1605;18684;344;157;1020;2328
486;72;7338;325;218;3401;4701;5885;1197;32812
487;588;203;180;85;79;2537;6347;9477;1937
488;fail;68619;2382;8088;430;1237;465;13880;18563
489;1199;3137;364;185;1906;3066;2308;11577;1442
490;fail;563;61;8472;638;1453;6621;5542;14985
491;fail;4368;9109;357;9951;3777;1054;58;14120
492;529;5156;375;4906;378;2068;10800;547;6829
493;fail;3989;4488;1685;5238;1259;3603;28331;9860
494;296;3384;495;3196;1035;61;3776;13694;16844
495;fail;2547;1775;3214;5352;1350;364;9247;3340
496;411;18075;1228;4983;5154;275;2918;32093;55534
497;740;73;1197;7550;374;7189;796;13350;6929
498;672;763;1114;4285;4364;10561;7044;3459;17449
499;fail;251;2309;15269;7780;2888;1236;3222;6831
500;1795;18358;1470;867;714;355;2709;4056;14963
501;33;547;1594;4141;1121;5593;9595;2838;336
502;2139;7402;15097;361;1460;1432;7450;3116;62056
503;1310;19973;1002;1384;5049;961;2797;7469;1542
504;fail;1535;695;6174;85;3332;1997;1579;22008
505;269;155;278;535;1992;580;867;8102;1059
506;955;4446;575;112;4703;1426;14883;1318;3089
507;574;18855;1390;7583;942;2344;412;2899;14384
508;840;7197;15255;1301;232;4467;1021;7833;7046
509;56;115;886;1983;12307;168;1051;6975;6003
510;1793;4474;137;1498;2188;2785;1017;10893;2298
511;1104;3946;5146;3573;2033;350;24042;11041;2694
512;315;560;477;123;4728;747;10781;4290;fail
513;402;8269;788;4885;3923;9159;9494;13754;5474
514;933;1949;315;2243;588;3164;397;3894;4102
515;1864;6601;5414;993;5551;337;8575;5112;6799
516;300;566;6333;162;9673;4249;164;2007;2451
517;899;7121;8206;4919;10224;44;5513;669;7439
518;112;7051;276;7813;606;1128;4630;349;3952
519;961;159;13924;1368;4463;2342;3464;13631;66
520;402;806;1887;34457;2444;333;4444;893;3890
521;671;912;1976;204;5464;165;1192;2938;8376
522;fail;1419;2261;3998;2097;369;14628;15328;7622
523;fail;200;114;2110;20180;6225;1367;5020;25214
524;fail;4264;1915;1724;6160;11983;8845;7917;10649
525;fail;2393;4478;11084;1146;15;2148;4793;28242
526;769;5424;1206;1010;1225;404;8145;5336;17914
527;65;16625;7402;159;876;802;3333;1112;15538
528;945;1183;3406;1646;2190;1394;2778;9841;12675
529;140;1469;1417;1671;6144;388;1007;4007;12675
530;871;780;4837;1053;2701;634;1120;4092;4680
531;105;16365;167;825;1302;1912;3694;2179;3359
532;49;4499;871;601;4804;1065;8567;26553;88
533;fail;401;1178;5164;145;1865;705;2246;3116
534;57;8985;324;25;2295;2123;468;580;24329
535;fail;14418;2699;5582;2600;1755;9559;3864;7308
536;fail;1005;392;159;13939;3325;2093;4283;3171
537;1077;991;3557;2488;442;2269;250;241;55801
538;2448;13079;1727;2694;2129;227;12987;49806;fail
539;107;19777;597;381;5739;1864;300;15206;19247
540;fail;16456;299;3529;1310;978;1134;4514;1218
541;fail;417;4187;168;3150;5215;844;4385;4425
542;fail;13554;379;4270;676;2252;1211;7926;24256
543;fail;6350;690;911;669;896;694;8485;8825
544;fail;39930;3054;722;13929;494;873;1118;18550
545;fail;3514;9816;1494;4223;8775;11462;2697;2138
546;401;1157;4308;5154;2554;1428;3252;4985;18106
547;fail;1572;2745;4691;6340;1284;3307;46877;10308
548;401;136;5846;24762;1528;7242;1848;3420;4249
549;fail;2274;1707;452;2284;2593;4743;5118;4597
550;fail;8735;6317;3420;8133;19873;900;2317;31607
551;fail;18766;7924;6866;28463;121;4307;1518;4821
552;1898;39987;1609;3503;3056;3013;479;1259;1702
553;fail;270;2455;1069;2995;5815;3641;10403;16056
554;660;12208;1463;3203;14073;3227;2299;16011;20170
555;929;133;685;5021;955;4953;7586;41440;2781
556;fail;323;2000;9064;12110;3898;5610;1443;9433
557;189;5196;923;3540;279;305;1758;2480;14436
558;fail;140;22018;5491;2361;1182;489;3655;27223
559;fail;22461;7740;44742;4066;1078;253;7361;15179
560;2941;572;143;1531;3192;226;5367;2668;2290
561;fail;810;837;4110;2334;3507;133;11456;3691
562;1180;6140;1150;1201;665;2563;5478;5365;8661
563;1395;971;1037;9535;722;6734;332;23572;7182
564;236;4172;1219;1041;15523;1853;4032;39;53080
565;836;334;54;376;3788;1622;3077;149;4875
566;fail;6225;1007;1437;884;4476;4780;2296;14804
567;1121;26895;35957;2277;1172;1294;929;5938;4956
568;682;2380;2713;3765;1844;6811;743;4871;49438
569;fail;208;1430;1162;381;662;120;19877;3831
570;fail;633;206;360;4694;543;14487;2930;28100
571;fail;52930;7862;1082;2052;1035;7705;2743;4305
572;fail;30951;2111;12794;1335;392;3993;64470;8327
573;178;3111;404;409;609;697;307;2246;61
574;40;1262;1631;1279;1054;224;3661;296;7768
575;3950;10856;7820;3605;1142;3749;2668;62;7384
576;fail;30977;1878;712;4509;716;6933;2039;2145
577;697;2473;3719;3772;1469;21;2735;13594;19867
578;1050;2284;1052;11663;25593;3301;3191;16622;15026
579;fail;556;886;3065;745;799;1828;7548;10242
580;250;27266;2080;19550;5714;534;136;8347;15318
581;fail;5035;1183;255;6195;595;394;1681;8453
582;107;1126;5427;1048;4116;1606;424;23662;10027
583;fail;46805;15784;4425;5302;68;2171;2010;7247
584;450;1943;4499;20781;2839;1755;482;25440;13665
585;276;2929;3752;3766;3314;1939;24552;20629;19372
586;2393;610;498;4657;848;355;3146;1879;13215
587;fail;5701;14141;2955;7339;504;6241;49374;4444
588;fail;1622;669;5855;3916;386;1990;3148;39689
589;fail;148;373;703;2836;2961;11231;437;19585
590;fail;9807;919;12630;239;1706;7480;2275;5223
591;fail;714;852;6424;952;6151;2436;15540;1576
592;fail;30255;1326;287;628;99;244;2225;40205
593;2484;607;5548;5061;3056;16734;2247;15873;17003
594;616;1324;968;3496;2115;6057;2848;8830;36684
595;fail;66513;19480;1878;3313;12425;1108;524;8504
596;21;2936;2461;3222;269;865;855;11204;3921
597;644;18226;11414;9921;1013;1583;2113;2731;14492
598;1266;2000;230;896;24946;664;6928;1359;16146
599;1318;876;431;1061;225;1480;2828;3566;53143
600;fail;6453;9033;492;379;159;2948;536;6665
601;1103;125;951;1161;3995;1345;117;23501;18139
602;fail;2042;15768;29;6894;5784;4218;5046;8286
603;1615;3229;2577;1127;957;5460;548;2993;15662
604;fail;520;41;223;4364;9473;1058;1370;29775
605;fail;5328;1541;1743;20802;5560;3258;1323;456
606;fail;1337;4852;154;4155;1113;8187;2259;8893
607;1324;2064;21520;728;725;1553;37565;4957;fail
608;3130;1287;1847;1120;563;8064;564;3987;28702
609;963;9330;5354;862;3455;7851;2133;39233;12641
610;796;6181;4339;5271;344;5274;2084;6932;2063
611;99;13667;5033;1311;622;8485;5163;1134;3741
612;360;1504;2629;296;3172;1951;126;14084;11507
613;fail;187;1888;5112;2983;399;1778;3850;22403
614;fail;1048;312;3016;36;2806;5592;1599;10058
615;1228;22675;2476;586;432;1530;3417;5881;822
616;1883;12524;434;2796;574;18998;3627;4026;28830
617;fail;126;207;1664;6514;176;7087;5535;246
618;841;28933;3673;364;586;8306;4421;12821;412
619;22;167;4962;1521;8336;127;1305;6192;11045
620;fail;2151;6595;13617;1160;87;12697;30436;21058
621;2029;7362;4690;234;7810;794;450;15395;7030
622;1169;2197;3405;5588;26;1637;1704;4060;5117
623;282;11617;2531;1548;98;1286;5851;8817;10445
624;395;1031;117;678;488;5766;10981;23809;16644
625;fail;7534;8543;7630;2460;136;3646;3227;7648
626;338;3102;2086;1143;650;3182;4482;1535;18686
627;3677;1823;408;1767;12681;158;205;9806;6130
628;381;3530;1695;2014;3779;7258;2660;22269;14447
629;75;963;1261;635;899;7994;3115;259;1260
630;fail;285;4;5110;5123;5013;12113;4715;8747
631;177;4269;3364;2827;914;207;8888;4655;647
632;1412;27922;7084;10307;215;3654;1939;16798;35249
633;384;27886;2284;1655;1534;1399;10101;17938;1680
634;fail;339;1569;1760;165;2844;1092;16336;13218
635;344;2842;1025;2612;281;936;2622;6135;21811
636;fail;1759;1374;2188;5491;4252;1602;9463;35865
637;fail;3207;3143;3072;18603;4257;28441;14981;5154
638;118;1377;649;348;6506;4514;6297;18452;9430
639;1398;8689;372;4094;1665;470;10658;19323;38720
640;254;766;325;1008;2594;1592;277;1958;3624
641;fail;4013;1959;79;153;559;729;1401;2229
642;fail;174;80;2551;6859;3868;934;4308;2105
643;2798;6191;2149;7530;2419;863;832;5485;6876
644;fail;579;2613;835;1385;721;2839;1107;978
645;55;5142;234;7664;6342;3780;1871;7888;21621
646;fail;10719;32;837;1022;643;1070;24927;34231
647;fail;314;963;1959;12330;6953;1224;21567;11852
648;319;6881;18676;1602;3734;2105;24338;444;351
649;348;2503;578;299;170;832;3201;4232;38393
650;fail;723;6939;1085;4713;3063;1525;6705;347
651;321;3513;5055;1736;720;289;10293;11007;2452
652;746;422;2187;106;1012;376;8733;14628;10697
653;4056;4933;1397;791;14203;6092;16893;6841;11208
654;2798;6122;8153;447;981;209;4372;385;2466
655;fail;671;1288;484;1678;10871;4479;fail;24879
656;600;5187;1053;186;2392;2446;17229;28597;343
657;375;1787;511;591;282;166;1163;11845;2606
658;fail;12714;5610;574;3174;260;9629;16296;36652
659;fail;1320;385;1836;3421;2631;5683;15278;6995
660;240;492;999;1098;274;7445;818;7614;3720
661;1004;1393;285;14008;1489;3820;3276;16;3824
662;250;2112;128;2013;2828;2766;2206;3336;254
663;648;2590;121;1092;453;1558;12032;5368;4753
664;760;8318;1029;7081;1545;97;1264;12055;6604
665;1759;11244;1074;1961;2882;115;2661;5346;15227
666;1724;23286;83;2238;274;182;488;2285;fail
667;fail;2308;598;104;733;615;4129;11579;2378
668;593;18022;3819;20278;879;3261;6634;12441;13434
669;fail;2271;76;766;1066;2032;4004;1415;7859
670;fail;2723;6980;1889;2094;404;7240;5287;13817
671;fail;1640;17891;137;5957;44;2400;8822;12299
672;142;28468;346;1484;2346;3806;73;2944;7861
673;616;3315;606;275;750;5088;348;1717;127
674;fail;3515;3454;2629;778;3456;3287;14313;5671
675;614;fail;10700;1594;5125;1844;1618;24512;33699
676;524;1049;215;295;887;2528;957;4805;4939
677;821;592;693;2221;2078;6880;3807;16147;3898
678;1047;8322;4943;790;5570;3641;4484;9968;26898
679;fail;244;7357;2858;354;560;2328;4594;6667
680;fail;2238;6360;15483;821;4787;5323;38086;68055
681;577;682;2847;6497;6612;11243;1048;1604;40351
682;1601;692;3277;455;724;1215;2147;602;3840
683;1000;2921;1130;2247;93;4148;282;5229;3963
684;2833;1986;10084;4481;805;1271;362;25239;7536
685;579;11825;292;180;1420;16772;256;515;122
686;fail;144;350;4272;3968;1605;1357;8790;6265
687;1542;932;1360;500;3238;675;2407;5380;4728
688;fail;1174;374;11529;82;19915;5465;22613;4631
689;2162;1535;989;1175;5913;5911;11915;11474;32726
690;1576;19630;1354;8115;350;14715;11837;272;15845
691;608;2424;1725;1431;2923;4030;57;4523;1883
692;83;208;13558;4760;2127;1279;8166;2529;2634
693;626;4643;316;12735;5601;5507;1676;1083;7482
694;734;1202;4282;976;912;3147;843;13091;61178
695;fail;1626;1151;49601;1133;334;2215;761;1030
696;fail;189;172;12932;9405;9;3405;8520;8448
697;225;9543;389;2179;1084;2748;1141;2412;27724
698;290;1401;10804;12988;2302;5201;5357;2662;19049
699;529;436;808;2770;193;185;1812;22481;5185
700;1390;2699;29;2158;287;11613;2693;2775;46505
701;220;21117;980;3676;8107;1586;352;1988;1574
702;fail;5028;671;5881;1075;37;6777;2051;2001
703;62;2455;387;2253;112;1675;2200;18392;9994
704;350;7852;147;9;3941;7812;4743;2329;12994
705;125;fail;992;6290;1065;279;372;4807;1817
706;fail;9590;1499;8019;31;1051;2380;4090;36943
707;fail;25580;7875;9170;379;1860;6308;2381;9763
708;23;7103;1038;1288;52;3768;1754;274;26551
709;670;8125;3388;3487;8469;2469;5729;3845;31729
710;fail;22007;10199;1974;2053;1151;291;25733;14155
711;180;788;3323;3506;1218;473;156;5537;1335
712;122;15784;5954;1018;5362;3399;9386;977;7619
713;1229;3180;192;5259;7003;12344;942;11957;2209
714;1054;704;6011;690;1970;4061;2898;5522;100
715;1394;445;4091;6047;479;1554;1848;26876;8430
716;74;14011;2449;1392;9119;6329;11464;6299;6406
717;fail;1530;2068;30078;2753;667;2386;6432;6501
718;fail;2825;2480;3748;3504;3557;10089;4028;11411
719;2390;27994;10479;5766;1019;1192;8702;364;4563
720;770;896;2370;1621;1666;3617;2292;3033;637
721;416;3114;204;894;568;955;4270;12655;4174
722;fail;264;9564;1007;1274;765;21871;5055;17863
723;fail;2917;32701;19439;2200;7892;4689;1857;15218
724;fail;2458;229;3713;3866;159;589;4040;5268
725;29;490;184;1533;2925;345;4889;62762;22072
726;fail;7934;345;2607;339;232;2138;448;1495
727;fail;1930;2338;1530;568;2656;207;16086;fail
728;60;207;1422;2023;393;2529;8776;6950;7152
729;fail;13011;114;4972;13729;163;13120;23326;8068
730;1315;245;302;863;5599;2159;5084;4334;6646
731;1257;1712;2191;1262;45;655;6698;18473;10830
732;771;38441;529;251;1528;781;183;3978;1834
733;539;4205;699;863;1823;7486;4783;5822;143
734;fail;3820;49;4881;323;5548;364;4156;15390
735;fail;9887;607;7502;1029;931;3390;751;6026
736;fail;1786;6155;2474;214;939;4699;18924;10342
737;99;3494;2964;4527;1074;1909;1325;1531;2672
738;294;1606;768;1639;387;1895;3641;1163;20610
739;414;7082;1785;782;4680;465;1307;4542;100
740;903;5407;7821;450;5015;437;409;33382;11986
741;fail;17209;114;1740;5049;7467;3464;3816;6991
742;fail;1872;3644;139;2167;617;645;17745;3551
743;fail;183;20100;2102;75;3636;1837;16510;fail
744;fail;1308;2697;1895;4308;822;55;13902;3241
745;95;3132;2662;332;568;10757;1773;11012;6253
746;fail;1133;1450;6988;1510;2144;688;21956;6044
747;fail;25117;851;1188;5089;1250;857;13569;8838
748;fail;1625;1205;476;757;1764;3489;4324;194
749;fail;464;1530;796;7957;71;5193;3071;15856
750;114;37785;4397;8789;1918;1968;796;6652;18024
751;310;4489;1904;264;3345;1128;1869;871;6721
752;fail;3106;2632;64;3218;1193;4128;816;6656
753;fail;9258;1650;2479;720;285;3616;8683;5697
754;64;19363;10656;2020;213;1602;3045;7673;5440
755;526;5890;60;360;4143;4835;3390;2629;7677
756;890;168;6917;3358;2064;1006;906;17604;24311
757;fail;3590;19912;2172;1346;5897;4394;31296;16487
758;fail;2820;9796;1320;142;1265;2793;11820;17483
759;fail;27931;11522;13439;23310;1240;8681;13855;3185
760;322;43969;140;886;3283;1084;697;85;1232
761;220;1073;6461;8251;1169;338;3570;13601;10981
762;fail;3368;5608;13855;7673;6090;2046;18340;14741
763;875;988;114;2189;489;15712;1743;12302;677
764;1198;45036;1563;7988;966;5539;2658;7933;9265
765;46;568;8921;2860;9476;605;2826;2072;27250
766;fail;2342;1639;8083;136;3805;837;9466;12896
767;1943;2434;6531;456;883;3358;1474;5771;11047
768;fail;3972;2262;272;647;193;729;3012;26643
769;fail;1000;22812;3483;749;6029;4743;518;13426
770;742;1839;2158;3949;1144;1742;3120;203;4884
771;fail;44928;867;2074;2798;1384;4901;4737;15577
772;fail;574;5063;3555;3045;194;10978;1296;463
773;472;14933;301;22;1547;621;9863;234;4244
774;fail;2323;22212;8325;13100;8283;4304;7960;11430
775;fail;1684;7697;126;3278;1306;16859;619;25237
776;fail;1906;5673;677;2290;12180;116;417;8677
777;394;4636;6337;8092;4445;9344;1594;25243;51410
778;195;6864;211;1007;1027;5960;4155;399;55799
779;fail;1526;611;407;174;753;5570;6144;1462
780;fail;215;6316;2143;5905;831;1595;11908;3074
781;559;1204;133;804;2470;4244;2;13365;3544
782;fail;11860;362;555;3495;3817;7674;18717;7958
783;108;5114;4004;617;8777;1986;463;7069;7471
784;567;28405;959;1098;3819;3315;2667;36512;5804
785;139;3315;192;184;236;8808;4777;4614;13488
786;fail;10177;3368;1619;520;310;1421;4629;20502
787;fail;14263;55698;2197;3455;10821;416;1547;4591
788;216;990;864;778;4543;5886;4807;5264;27974
789;fail;511;3696;7492;3017;883;7587;2624;2480
790;874;448;2660;792;2425;486;1116;41023;7532
791;168;33890;4710;214;2664;3591;2616;35663;14712
792;306;31902;591;222;918;18963;6264;10578;44567
793;343;336;396;2864;2829;1933;607;2395;67838
794;1440;2463;4920;7164;2057;2158;277;17175;8679
795;3745;1403;478;2178;3087;22803;2282;8654;17159
796;1814;1193;217;10588;5442;10298;91;6425;1973
797;fail;28300;134;10271;1797;5177;5335;24685;12971
798;fail;32001;1329;437;1567;1604;9768;12742;13568
799;fail;1401;7926;3822;380;1967;3048;14907;13973
800;899;918;29369;2679;5047;938;913;6331;1573
801;847;6618;666;837;11439;2017;1419;6891;1251
802;fail;14134;13343;1156;2267;3762;381;7755;fail
803;fail;3970;1116;1666;6317;4210;15642;18043;22917
804;1850;2190;381;9806;643;623;6046;2563;19309
805;2192;3330;1649;728;879;798;2104;22101;16782
806;233;1108;339;861;3593;573;6204;1717;2712
807;277;106;191;972;175;4885;2066;247;8163
808;fail;1552;1104;1000;5032;823;7092;4501;1659
809;1209;942;1376;2945;3709;275;4799;15992;22636
810;fail;2359;5609;2126;3608;7119;1077;4497;7623
811;116;1504;1531;13779;547;986;6581;13197;16554
812;44;3479;3398;2664;1514;74;789;1385;27662
813;106;1649;99;781;1157;71;2136;16970;1495
814;2686;1478;1277;3007;5737;3770;2787;770;20219
815;687;372;238;1514;1236;448;2231;68;29748
816;fail;6765;4512;3100;1534;15179;10507;8213;8979
817;fail;3875;56;11905;155;2055;3502;8742;5878
818;fail;3150;1288;2726;2021;4465;15366;535;10388
819;228;1620;907;8827;630;81;4439;8727;9197
820;fail;3952;1806;177;1498;1146;13323;17914;12257
821;253;301;2839;20588;257;3186;977;14197;2140
822;1005;5861;2089;2548;698;7;15052;18980;464
823;fail;16701;4393;3506;4424;1000;380;19386;31750
824;1842;627;960;1910;422;2431;3104;2682;2172
825;fail;899;2099;2412;1407;1409;1547;8562;1345
826;fail;4801;13984;1531;785;2744;1853;933;12692
827;fail;31837;40681;5238;531;9704;4096;2859;4523
828;1035;183;1167;864;759;326;12233;4297;10837
829;894;1422;117;10162;814;208;1076;3352;4058
830;fail;41623;4119;353;3143;7764;1378;7050;41510
831;fail;15510;2324;20338;1301;137;1367;32156;14275
832;63;182;1269;5574;189;677;8037;31233;3375
833;13;572;88;933;16;1126;5053;3224;5943
834;fail;1767;8829;2518;792;2654;879;36059;27594
835;685;2482;1713;2844;2704;954;1158;3361;11131
836;fail;524;924;974;177;3724;2334;2493;2447
837;311;17115;50;1772;378;5352;8661;9083;11942
838;454;5065;453;1459;2677;8988;394;107;383
839;fail;29929;9526;34852;1989;14593;13513;19559;14975
840;675;1127;11053;1583;2108;2304;1361;2591;2036
841;456;2087;384;776;4796;11359;12671;6373;6679
842;fail;49339;4068;4291;2077;2398;8245;3275;28613
843;fail;945;5234;13374;517;1134;14581;6042;19365
844;1138;890;1470;3845;7707;1946;4370;12226;1953
845;621;24983;232;6433;485;823;15703;1026;2161
846;fail;1195;7366;3563;755;726;366;21669;8284
847;fail;1780;21495;390;2019;2947;1740;7590;41353
848;fail;2481;439;1014;8083;6812;14177;12895;14046
849;fail;24570;3817;2745;5531;2107;286;5883;10721
850;1211;539;5397;946;1663;392;4663;67834;6944
851;fail;2326;324;1963;2080;1029;13462;10674;4898
852;1056;228;2529;1457;1109;2544;1511;2849;14410
853;649;8768;3364;1690;4503;4244;93;29850;26422
854;fail;9118;10112;8786;9051;9446;7403;32411;41297
855;141;331;509;4198;3161;964;2755;767;14839
856;fail;2001;211;590;1271;1623;8933;608;7076
857;fail;39554;4790;1750;1007;842;7193;13763;47400
858;696;1762;2951;1560;2230;9015;2574;6061;4407
859;fail;23747;8507;2714;308;7437;1119;16354;4979
860;fail;356;31432;14316;4039;1263;13677;157;8624
861;610;14971;16903;608;261;1722;1077;26892;7854
862;fail;2610;1753;460;6688;483;1233;25012;1825
863;294;432;2382;2917;1249;408;170;1325;7539
864;fail;10586;33808;5435;3189;1582;31868;5194;2474
865;402;13654;135;795;2862;6520;2939;1110;3163
866;604;15859;1553;454;3734;208;6420;27;2740
867;fail;10900;218;901;1477;4963;13318;2248;18737
868;346;228;1185;13604;131;60;419;529;4802
869;428;433;10131;9429;27;3681;649;8295;6602
870;1420;1567;22288;1542;1627;65;20461;1030;14291
871;498;56;1837;102;8827;2592;2548;1826;16570
872;1091;1740;503;433;1408;2719;1882;2904;7678
873;377;223;1006;562;415;56;1515;46561;13687
874;fail;6794;5071;16110;7162;4885;2661;37354;3580
875;29;254;198;1046;1895;2960;9384;530;3391
876;592;2225;1192;2492;4049;713;1257;3972;3953
877;327;553;3985;1011;645;1287;5366;12435;3610
878;305;234;2123;491;3860;436;8573;224;23916
879;704;30424;2341;2628;1337;583;905;1937;1750
880;fail;30;389;4390;4005;1202;2457;1772;2943
881;1516;254;208;780;781;1635;18043;11383;9191
882;46;909;1153;2429;3303;2960;5309;5892;2826
883;667;135;199;4488;17;1008;1367;3671;3489
884;468;5324;1021;742;581;1246;2368;13341;375
885;651;2447;866;66;2220;2923;1622;9792;12689
886;203;34;3679;3637;2201;151;302;4289;2034
887;657;46605;2444;2108;2324;443;867;9138;22739
888;631;135;1052;1287;70;245;3860;5767;5360
889;199;1465;12670;1259;758;1104;5303;10972;2692
890;427;2338;2458;601;2946;1534;4;8561;5501
891;1487;17918;360;1028;448;1433;439;5735;1744
892;fail;1307;7886;1205;303;72;3733;3878;9308
893;fail;2072;9912;905;1704;5111;5163;33080;17402
894;fail;26095;858;12124;1103;1223;13954;527;37497
895;566;1309;589;7103;5410;3905;5640;4067;15405
896;37;3614;3154;11977;10862;592;6722;fail;26830
897;fail;202;378;1982;273;1496;6948;5557;8803
898;fail;3252;1003;929;10042;933;48;2188;11338
899;150;1394;3628;5775;651;5947;1083;6484;4516
900;fail;1407;1179;185;671;1232;653;7474;2740
901;1472;3050;815;784;1626;11425;12799;8495;3526
902;1529;20445;28858;882;2975;2849;6916;1555;4280
903;387;991;1209;4662;1099;1300;2591;493;6155
904;fail;217;6108;2017;2601;12430;328;5932;52715
905;fail;1426;512;780;3824;1551;14630;4891;26634
906;250;561;1231;1029;1630;1063;1854;11143;19035
907;386;2434;3320;4441;1473;5822;2652;6251;19853
908;fail;3158;2906;979;1432;128;2211;7799;3288
909;431;2599;1699;3476;508;520;18652;308;35055
910;fail;7227;3866;713;145;7111;3911;14735;3207
911;73;5668;4607;2072;837;649;5967;7759;11474
912;fail;3727;34437;47;4501;3303;3757;28786;7984
913;fail;1947;195;188;1797;67;1732;1352;179
914;fail;1400;13793;696;556;1512;1949;34088;345
915;fail;468;502;1781;628;368;1934;2950;2455
916;217;1148;1016;281;47;2462;2715;159;17458
917;fail;331;2307;15609;6565;18531;5610;7534;1591
918;144;18586;56;260;90;149;2456;5177;5045
919;fail;14198;13283;16809;31;2391;4083;4458;30866
920;1721;1997;3082;4830;609;2680;3704;11686;20204
921;888;1198;1200;571;3971;1968;299;6081;54826
922;606;434;6270;257;1395;72;10641;675;7893
923;1671;238;3152;2950;1487;571;1454;1087;1191
924;fail;3238;614;797;1836;7433;3414;268;13020
925;fail;2786;1023;1503;1185;656;2741;1130;14128
926;fail;2710;5491;9396;6383;594;1084;2950;11175
927;fail;1436;2136;3436;1336;7542;2464;4425;4628
928;1269;185;1676;1403;2299;6375;1558;1672;50211
929;1520;2974;45946;9190;4297;2091;2678;4924;32986
930;fail;2777;317;1356;7374;1153;2601;3259;3241
931;fail;6276;3311;5080;381;2127;8039;12322;21608
932;623;372;62;821;5962;27;1237;29673;15991
933;fail;1795;18918;10218;1005;2763;8675;3798;28927
934;fail;1335;2423;1450;3043;86;1444;960;9360
935;fail;28070;8220;7170;6776;1448;4734;4628;115
936;fail;3861;856;3979;1682;2010;274;18701;2684
937;fail;4495;837;4997;65;2268;4591;1201;9599
938;350;61060;12535;18102;9073;459;224;893;6927
939;fail;13403;1800;516;1258;2932;6593;1390;31903
940;166;877;3727;17;3265;4484;3347;13247;1762
941;166;1668;3536;926;1838;5349;2959;11807;759
942;175;707;1717;563;319;407;183;20828;9359
943;fail;2005;2771;50;888;536;3061;587;4389
944;fail;55239;3660;3162;1185;2555;3170;5933;12380
945;121;35784;12779;541;4131;919;2169;21518;10055
946;fail;12246;14817;1611;3184;1152;9943;1352;18615
947;4598;89;3192;5918;3546;2797;9102;5323;7023
948;331;642;6412;892;15388;2753;2031;16590;9105
949;592;2927;2411;111;2512;3158;3404;958;24572
950;fail;3203;1264;3390;330;39;207;7675;5364
951;349;668;862;617;1959;1484;6383;14611;2468
952;305;47066;672;1531;511;346;6217;6736;3885
953;fail;271;15273;937;4355;1776;5718;5569;31977
954;fail;20868;586;926;17546;309;2558;15849;31933
955;106;1311;607;6446;1064;317;1462;7773;4710
956;136;9770;15382;1541;1929;1027;1255;2386;14244
957;fail;6750;111;3973;622;8864;2422;3614;17493
958;fail;771;13993;1996;2804;31583;3807;20340;16328
959;1836;4119;654;29;758;480;400;580;24694
960;fail;12579;506;6065;12102;4674;12344;fail;3401
961;fail;8195;14265;9987;2165;6878;7039;2661;43810
962;1017;15909;314;1927;952;978;1636;3859;835
963;521;780;1367;9824;7307;4569;7807;20070;22696
964;113;8837;12873;6898;3487;1471;2928;1831;44109
965;2088;2853;1253;4475;3905;822;4033;14054;5929
966;308;18573;2613;614;8744;4807;4032;21025;5205
967;51;8790;7909;1820;14207;27473;3637;16372;7331
968;1409;1411;2745;832;837;216;6330;9429;37747
969;226;140;1170;2157;1086;2255;4111;12883;4056
970;fail;9873;529;341;549;3609;14787;20842;14037
971;784;11611;7519;1165;2100;1109;13268;16276;12882
972;223;522;373;3822;6500;363;2143;1458;6272
973;1996;1294;2459;476;1436;502;394;19264;3821
974;fail;1910;172;1593;1263;531;1313;8982;4169
975;987;6734;6009;288;3952;69;512;9514;3842
976;fail;2915;11338;1057;3324;2252;7514;4439;8306
977;932;6028;988;2390;10008;4315;24803;2773;16138
978;847;2894;1810;1643;655;296;4760;298;13198
979;fail;10043;206;427;18779;1387;4584;1811;32657
980;346;1124;3243;49;120;1614;2423;2087;2078
981;fail;1966;8947;1097;497;2830;7017;3715;21383
982;342;1708;3079;4215;418;1852;5574;6672;15477
983;fail;6621;1634;2115;8068;4433;8481;19621;26956
984;fail;539;569;383;8119;377;12939;4757;5944
985;641;913;941;53;1345;1329;8162;32089;11289
986;95;4272;11649;1665;5375;3879;1340;5965;5678
987;fail;207;207;401;1612;326;73;2599;12331
988;286;525;730;1642;1085;6355;6370;2002;39641
989;95;943;15437;1627;1144;2421;2898;10745;15307
990;fail;27545;5125;1538;2235;9587;926;19750;4846
991;2223;1497;558;24206;754;2994;5087;6142;33266
992;fail;7792;108;628;704;711;3365;16928;12485
993;fail;12355;25252;2835;56;3630;7239;23451;29204
994;156;896;14479;2910;4401;1354;5733;7005;1794
995;fail;3571;6978;6203;5908;1940;2793;9137;5627
996;236;6111;6332;352;322;233;13328;5896;21189
997;301;35409;27418;1467;1877;2499;2687;2841;8120
998;1601;1020;364;365;1977;68;90;42709;17366
999;95;1931;2161;217;6773;10557;3336;39470;25048